advowry	jumbling	seqfchk
advowry	seqfchk	tumbling
advowry	plumbing	seqfchk
axfetch	byworks	dumpling
backdown	flighty	jumpers
backflip	thugdom	wyverns
backings	frowzly	thumped
backlist	fjorgyn	whumped
backveld	fjorgyn	wismuth
backveld	proxysm	unfight
backveld	jumping	shortzy
backveld	frowsty	jumping
backveld	frowsty	humping
backwind	fylgjur	zemstvo
backword	jumping	thyself
batfowls	grumphy	zincked
bedgown	kvutzah	scrimply
bedstock	fylgjur	whipman
bedtick	frowzly	sphagnum
bedwarfs	jumping	zlotych
beknight	frowzly	mudcaps
benzyls	turfdom	whipjack
bethumps	frowzly	jacking
bipacks	frowzly	judgment
bypaths	frowzled	mucking
blowzed	jumping	skycraft
blowzed	humping	skycraft
bostryx	flacked	whumping
bostryx	flumped	whacking
bostryx	flumping	whacked
brought	flyspeck	windjam
buckled	fjorgyn	mitzvahs
budworm	seqfchk	taxingly
budworm	japingly	seqfchk
budzart	mopingly	seqfchk
budzart	movingly	seqfchk
bumping	seqfchk	towardly
bushveld	fjorgyn	pickmaw
buxomly	fjerding	thwacks
champed	frowzly	stinkbug
chintzy	flumped	workbags
chutzpas	fjorgyn	wimbled
cymbling	kvutzah	powders
compends	fylgjur	hawkbit
complex	kything	subdwarf
comptly	fjerding	waxbush
comptly	khevzur	windbags
debtful	proxysm	whacking
delving	frowsty	humpback
depthing	frowzly	subjack
devwsor	flyback	thumping
devwsor	flyting	humpback
dozenths	fylgjur	pickmaw
drawbolt	jumping	seqfchk
ducklet	proxysm	whizbang
duckwing	lebhaft	proxysm
dungbeck	flywort	vampish
dungbeck	flywort	jahvism
dungbeck	halfwit	proxysm
dungbeck	frowzly	mitsvah
dungbeck	frowzly	vampish
dungbeck	frowzly	jahvism
dungbeck	frowzly	jahvist
endrumpf	jackbox	wightly
endrumpf	jackbox	whistly
endrumpf	jackbox	slighty
endrumpf	jackbox	sightly
endrumpf	jackbox	swithly
fylgjur	matchbox	swinked
fylgjur	skipdent	waxcomb
fylgjur	handpick	zemstvo
fyrdung	whipjack	zemstvo
fyrdung	jackpots	whimble
fjorgyn	mitzvahs	plucked
fjorgyn	hackbuts	wimpled
fjorgyn	humpback	wildest
fjorgyn	quadplex	schmitz
flyback	humping	jestword
flyback	jodhpur	wingstem
flyback	judgment	worship
flyback	judgship	vermont
flipjack	thugdom	wyverns
flyspeck	mitzvah	rubdown
flytings	jackbox	whumped
flytings	khevzur	waxcomb
flockbed	jumping	swarthy
flumped	shortzy	wingback
flumping	jackbox	shrewdy
flunked	sprighty	waxcomb
folkvang	jewbird	smutchy
fondest	grumbly	whipjack
frighty	jumbled	snowpack
frowsty	humpback	jingled
frowzly	snipjack	thumbed
frowzly	gemsbuck	xanthid
frowzly	packings	thumbed
frowzly	humpback	nidgets
frowzly	humpback	jesting
frowzly	humpback	vesting
frowzly	jambing	ketchups
frowzly	jimbang	ketchups
fumbled	gryphon	stickjaw
fumbled	growthy	snipjack
fumbled	proxying	thwacks
fumbling	jackpot	shrewdy
gemsbuck	pharynx	twifold
jackbox	mightful	wyverns
jackbox	phlegmy	windsurf
japygid	mowburnt	seqfchk
japingly	mudwort	seqfchk
jumbled	proxying	thwacks
jumbling	portway	seqfchk
jumping	seqfchk	wordably
jumping	seqfchk	towardly
jumprock	thyself	windbag
jumprock	sandfly	withbeg
mowburnt	seqfchk	vapidly
seqfchk	tombing	upwardly
speckly	turfdom	whizbang
