abjunct	frowzly	skimped
abjunct	frowzly	sphegid
abjunct	frowzly	mikvehs
abjunct	gemwork	sylphid
absvolt	grumphy	zincked
abvolts	grumphy	zincked
adjoint	grumbly	seqfchk
adjunct	frowzly	mikvehs
adjunct	byworks	megilph
advects	frowzly	jumping
advects	frowzly	humping
advects	grumphy	wolfkin
advects	bumping	frowzly
advects	bumpkin	frowzly
adverbs	jumping	zlotych
advowry	jumping	seqfchk
advowry	pluming	seqfchk
advowry	lumping	seqfchk
advowry	bluming	seqfchk
advowry	bumping	seqfchk
advowry	butling	seqfchk
angwich	jumbled	skyport
angwich	fumbled	skyport
angwich	debtful	proxysm
angwich	bostryx	flumped
anticks	fylgjur	whomped
anticks	blowzed	grumphy
aplombs	fyrdung	wichtje
axfetch	gymslip	rubdown
axfetch	bywords	jumping
axfetch	bywords	lumping
axfetch	bywords	lumpkin
axfetch	bywords	pluming
axfetch	byworks	jumping
axfetch	byworks	lumping
axfetch	byworks	dumping
axfetch	byworks	pluming
axfetch	disknow	grumbly
axfetch	brownly	muzjiks
axfetch	muzjiks	wrongly
baching	frowzly	stumped
baching	mudflow	psykter
backing	flumped	shortzy
backing	frowzly	thumped
backing	frowzly	stumped
backing	mudflow	zephyrs
backlet	dumpish	fjorgyn
backlit	fjorgyn	whumped
backrun	diglyph	zemstvo
backset	frowzly	jumping
backset	frowzly	humping
backset	dumping	frowzly
backups	flighty	wordmen
backups	frowned	mightly
backups	frowzly	theming
backups	frowzly	mighted
backups	frowzly	nighted
bagfuls	diptych	workmen
bagsful	diptych	workmen
bagwork	jestful	nymphic
bagwork	jestful	nymphid
bagwork	chintzy	flumped
bagwork	chintzy	duplexs
bagwork	chintzy	slumped
bagwork	juslted	nymphic
bagwork	justled	nymphic
bagwork	flumped	schnitz
bagwork	flumped	snitchy
bagwork	nymphic	zestful
bagwork	nymphid	zestful
bagworm	chintzy	skepful
bagworm	chintzy	duplexs
bagworm	putidly	seqfchk
bagworm	duckpin	thyself
bagworm	duncify	klephts
bakings	frowzly	thumped
bakings	chumped	flywort
bakings	chumped	frowzly
balking	chumped	frowsty
bangled	fuckwit	proxysm
baptism	frowzly	gundeck
baptism	chunked	frowzly
baptism	clogwyn	khevzur
barding	seqfchk	volupty
barming	seqfchk	volupty
barwing	seqfchk	volupty
bashlyk	figment	upcrowd
basking	frowzly	thumped
basking	chumped	flywort
basking	chumped	frowzly
basting	chumped	frowzly
batched	frowzly	jumping
batched	frowzly	spuming
batched	frowzly	impugns
batched	muzjiks	wrongly
batched	fylgjur	misknow
batched	fluking	proxysm
batches	frowzly	jumping
batches	dumping	frowzly
batfowl	exscind	grumphy
batfowl	judgers	nymphic
batfowl	gymnics	khevzur
batfowl	grumphy	snicked
batfowl	grumphy	zincked
batfowl	gundeck	shrimpy
batfowl	dezincs	grumphy
batfowl	dickens	grumphy
batfowl	mucking	zephyrs
batfowl	ducking	zephyrs
bathmic	frowzly	spunked
bathmic	duplexs	fjorgyn
bathmic	fylgjur	knosped
bathmic	purfled	wongsky
batiked	fjorgyn	schlump
batwing	proudly	seqfchk
batwing	mockful	zephyrs
baulked	fjorgyn	schmitz
bawdily	gunport	seqfchk
bawsint	chomped	fylgjur
bawsint	flocked	grumphy
bechalk	frowsty	jumping
bechalk	dumping	frowsty
becking	flyswat	jodhpur
beckons	fylgjur	mitzvah
beclasp	fyrdung	mikvoth
becrowd	flyings	kvutzah
becrowd	gymslip	kvutzah
becrowd	muzhiks	planxty
becrowd	muzjiks	xanthyl
becrowd	muzjiks	planxty
becrown	gymslip	kvutzah
bedamns	fylgjur	powitch
bedfast	crumply	howking
bedgown	schmalz	turpify
bedgown	schmalz	turkify
bedgown	chutzpa	smirkly
bedgown	flytrap	muzjiks
bedgown	flytrap	muzhiks
bedgown	kvutzah	scrimpy
bedgown	fratchy	muzjiks
bedgown	fulhams	kryptic
bedgown	pyruvic	shmaltz
bedgown	craftly	muzjiks
bedgown	craftly	muzhiks
bedgown	cryptal	muzjiks
bedgown	cryptal	muzhiks
bedgown	crisply	kvutzah
bedgown	crumply	jahvist
bedgown	prayful	schmitz
bedight	frowzly	unpacks
bedikah	clumpst	fjorgyn
bedlamp	fucking	shortzy
bedlamp	fjorgyn	squitch
bedlams	fuckwit	gryphon
bedpans	fylgjur	mikvoth
bedrift	plumach	wongsky
bedrock	flyswat	jumping
bedrock	flyswat	humping
bedrown	gymslip	kvutzah
bedsick	fylgjur	phantom
bedsock	pharynx	twigful
bedsock	fylgjur	whipman
bedsock	fylgjur	whitman
bedsock	fylgjur	mitzvah
bedtick	frowzly	hangups
bedtick	fylgjur	shopman
bedtick	fylgjur	ponhaws
bedtick	fylgjur	showman
bedwarf	jumping	zlotych
bedwarf	jumping	shylock
bedwarf	kingcup	thymols
bedwarf	comptly	husking
bedwarf	ghostly	nipmuck
bedwarf	spuming	zlotych
bedwarf	mockups	nightly
bedwarf	mockups	thingly
bedwarf	muzjiks	typhlon
bedwarf	impugns	zlotych
beflags	cutwork	nymphid
begrown	mudpack	sixthly
begulfs	diptych	workman
begulfs	downcry	mitzvah
beldams	fuckwit	gryphon
belfast	grumphy	windock
belgard	fuckwit	nymphos
bemocks	pharynx	twigful
bemocks	fylgjur	xanthid
benight	frowzly	mudpack
benight	frowzly	mudcaps
benthos	fylgjur	pickmaw
benward	flighty	mockups
benzyls	dowitch	pugmark
benzyls	drought	pickmaw
benzyls	figwort	mudpack
benzoid	fylgjur	thwacks
benzoyl	mudpack	wrights
benzoyl	frights	mudpack
benzols	frighty	mudpack
benzoxy	flights	mudpack
benzoxy	frights	mudpack
benzoxy	frights	malduck
benzoxy	malduck	wrights
benzoxy	malduck	spright
benzoxy	grimful	thwacks
benzoxy	mudpack	wrights
benzoxy	drachms	twigful
bergylt	cowhand	muzjiks
bespawl	fyrdung	mikvoth
bestamp	ducking	frowzly
bestamp	fylgjur	windock
bestamp	fyrdung	whilock
bestick	mudflow	pharynx
besting	frowzly	mudpack
bestock	fylgjur	whipman
bestrow	fucking	lymphad
bestuck	frowzly	vamping
bestuck	damping	frowzly
bethink	frowzly	mudcaps
bethump	fjorgyn	skaldic
bethump	flyings	jackrod
bethump	clogwyn	vizards
bethump	clogwyn	friszka
bethump	skyward	vingolf
bethump	frowzly	sacking
bethump	frowzly	jacking
bethump	frowzly	scandix
bethump	casking	frowzly
bethump	cavings	frowzly
bhaktis	compend	fylgjur
bhaktis	complex	fyrdung
bhaktis	clumped	fjorgyn
bifrost	gweduck	nymphal
bifteck	proxysm	wahlund
bighted	frowzly	unpacks
bimorph	flyswat	gundeck
bipacks	dowment	fylgjur
bipacks	dozenth	fylgjur
bypaths	jerking	mudflow
bypaths	jewling	mudrock
bypaths	flexing	mudrock
bypaths	clunked	figworm
bypaths	lugworm	zincked
bypaths	mockful	redwing
bypaths	mockful	wringed
bypaths	mudflow	recking
birdman	seqfchk	volupty
birgand	seqfchk	volupty
bytalks	chefdom	upwring
bytalks	figworm	punched
bytalks	chowder	jumping
bytalks	forcing	whumped
bytalks	cowherd	jumping
bytalks	crozing	whumped
bytalks	crumped	howfing
bytalks	curving	whomped
bitched	fjorgyn	walkups
bywoner	flights	mudpack
bywords	chametz	fluking
bywords	chametz	fluxing
bywords	chametz	upfling
bywords	jackmen	pithful
bywords	jackmen	uplight
bywords	faltche	jumping
bywords	chutzpa	fleming
bywords	chutzpa	flexing
bywords	flacket	jumping
bywords	flacket	humping
bywords	flaming	ketchup
bywords	flaught	pickmen
bywords	fleming	kvutzah
bywords	flexing	kvutzah
bywords	cleping	kvutzah
bywords	futchel	vamping
bywords	giltcup	makhzen
bywords	hacklet	jumping
bywords	mitzvah	peckful
bywords	mitzvah	neckful
byworks	chafted	jumping
byworks	chafted	lumping
byworks	chafted	pluming
byworks	chametz	fluxing
byworks	chametz	upfling
byworks	champed	fluting
byworks	champed	fluxing
byworks	faltche	jumping
byworks	jumping	latched
byworks	jungled	mitzvah
byworks	chumped	fatling
byworks	fitched	plugman
byworks	chutzpa	mingled
byworks	chutzpa	fleming
byworks	chutzpa	jingled
byworks	chutzpa	flexing
byworks	chutzpa	delving
byworks	chutzpa	melding
byworks	clamped	unfight
byworks	fluming	patched
byworks	flumped	gnathic
byworks	flumped	xanthic
byworks	flumped	jacinth
byworks	fluxing	patched
byworks	fluxing	matched
byworks	clumped	hafting
byworks	futchel	vamping
byworks	damping	futchel
byworks	matched	upfling
byworks	devinct	galumph
byworks	mitzvah	plunged
byworks	mitzvah	pungled
byworks	dumping	faltche
byworks	calving	thumped
byzants	chkfile	gumdrop
byzants	figworm	plucked
byzants	grumped	whilock
byzants	mockful	pigherd
blacked	frowsty	jumping
blacked	frowsty	humping
blacked	proxysm	unfight
blacked	jumping	shortzy
blacked	fjorgyn	wismuth
blackit	fjorgyn	whumped
blawort	dumping	seqfchk
blawort	jumping	seqfchk
blazing	chumped	frowsty
blazing	mudwort	seqfchk
blemish	fyrdung	jackpot
blewits	fjorgyn	mudpack
blighty	swamped	unfrock
blijver	mudpack	wongshy
blijver	chutzpa	wongsky
blitzed	grumphy	jackson
blitzed	fjorgyn	phascum
blitzed	fjorgyn	kumshaw
blitzed	cumshaw	fjorgyn
blitzes	fjorgyn	mudpack
blksize	cowpath	fyrdung
blocked	jumping	swarthy
blocked	rhyming	upwafts
blotchy	muzjiks	predawn
blotchy	muzjiks	prawned
blotchy	muzjiks	pranged
blotchy	dwarves	jumping
blowgun	fratchy	skimped
blowgun	pyramid	seqfchk
blowgun	crypted	jahvism
blowgun	crypted	mikvahs
blowgun	pravity	seqfchk
blowgun	decrypt	jahvism
blowgun	decrypt	mikvahs
blowpit	juryman	seqfchk
blowpit	gymnura	seqfchk
blowpit	drugman	seqfchk
blowpit	dzungar	seqfchk
blowsed	fratchy	jumping
blowsed	chintzy	pugmark
blowups	frighty	jackmen
blowups	deckman	frighty
blowzed	fackins	grumphy
blowzed	fathmur	pyknics
blowzed	jumping	starchy
blowzed	parking	smutchy
blowzed	kingcup	thrymsa
blowzed	pharynx	stickum
blowzed	fratchy	jumping
blowzed	fratchy	spuming
blowzed	fratchy	impugns
blowzed	fraught	pyknics
blowzed	frighty	unpacks
blowzed	fucking	thrymsa
blowzed	futhark	gymnics
blowzed	gytrash	nipmuck
blowzed	hafting	scrumpy
blowzed	pugmark	snitchy
blowzed	rhyming	stackup
blowzed	catkins	grumphy
blowzed	catskin	grumphy
bludger	thwacks	viznomy
bluming	jackpot	shrewdy
bluming	portway	seqfchk
blunged	pickmaw	shortzy
blunket	pygmoid	schwarz
blushed	fjorgyn	pickmaw
blushet	fjorgyn	pickmaw
boardly	jumping	seqfchk
bocking	flumped	swarthy
bocking	fremdly	hutzpas
bodying	peckful	warmths
bodying	kwartje	schlump
bodying	frumple	thwacks
bodkins	chametz	fylgjur
bogfern	mudpack	sixthly
bogfern	mudpack	whistly
bogfern	mudpack	swithly
bogfern	dumpily	thwacks
bogfern	jumpily	thwacks
bogfern	shmaltz	wickyup
bogland	fuckwit	zephyrs
bolding	perfumy	thwacks
bonzery	flights	mudpack
bopyrid	seqfchk	tamlung
bortzes	fucking	lymphad
bostryx	chalked	jumping
bostryx	jacking	whumped
bostryx	jacking	upwhelm
bostryx	champed	fluking
bostryx	chawing	flumped
bostryx	jewling	mudpack
bostryx	chinwag	flumped
bostryx	jumping	whacked
bostryx	jungled	pickmaw
bostryx	chumped	walking
bostryx	chumped	flawing
bostryx	chumped	flaking
bostryx	flacked	jumping
bostryx	flacked	humping
bostryx	flaking	whumped
bostryx	fluming	whacked
bostryx	flumped	hacking
bostryx	flumped	hawking
bostryx	flumped	jacking
bostryx	peckful	windjam
bostryx	clumped	hawking
bostryx	lacking	whumped
bostryx	upfling	whacked
bostryx	fucking	whample
bostryx	galumph	zincked
bostryx	pluming	whacked
bostryx	lumping	whacked
bostryx	hackled	jumping
bostryx	helving	mudpack
bostryx	ducking	whample
bostryx	calking	whumped
bostryx	calving	whumped
botched	fylgjur	skipman
botched	fylgjur	impawns
botched	fylgjur	inswamp
botched	jumping	valkyrs
botchka	fylgjur	impends
botchka	fylgjur	miswend
botchka	fyrdung	wimples
botchka	fyrdung	simplex
botchka	fremdly	upswing
bothnic	fylgjur	swamped
bowfins	grumphy	tackled
bowfins	grumphy	talcked
bowyang	seqfchk	triplum
bowyang	purfled	schmitz
bowings	chutzpa	fremdly
bowings	fremdly	kvutzah
bowlder	gymnics	kvutzah
bowsing	chutzpa	fremdly
bowsing	fremdly	kvutzah
bowsman	frighty	plucked
bowsman	fylgjur	pitched
bowsman	glyptic	khevzur
boxcars	flyting	whumped
boxcars	flumped	kything
boxfish	crumply	twanged
boxfuls	chytrid	mpangwe
boxfuls	kryptic	maghzen
boxfuls	kryptic	whanged
boxfuls	kwartje	nymphic
boxfuls	kwartje	nymphid
boxfuls	cramped	kything
boxfuls	crypted	hawking
boxfuls	decrypt	hawking
boxfuls	mitzvah	wryneck
boxfuls	nymphic	tagwerk
boxfuls	nymphid	tagwerk
boxings	chutzpa	fremdly
boxings	fremdly	kvutzah
boxings	craftly	whumped
bracked	nymphos	twigful
braving	mudflow	sketchy
brawlys	fotched	jumping
brawned	flighty	mockups
brazing	mudflow	sketchy
brazing	seqfchk	volupty
breadth	clogwyn	muzjiks
brigand	seqfchk	volupty
brimful	patched	wongsky
bryndza	exsculp	mikvoth
bryndza	jewfish	plumcot
bryndza	jewfish	putlock
bryndza	jewfish	potluck
bryndza	jewship	mockful
bryndza	outwick	phlegms
bryndza	seqfchk	womplit
bryndza	seqfchk	upvomit
bryndza	fuckwit	phloxes
bryndza	fuckwit	phlegms
bryndza	fuckwit	phloems
bryndza	gothism	peckful
bryndza	mockful	weights
bryndza	mockful	speight
bryndza	mockups	whiglet
britzka	flumped	wongshy
britzka	clumped	wongshy
broadly	jumping	seqfchk
brocked	flyswat	jumping
brocked	flyswat	humping
brocket	jumping	shadfly
broking	chumped	flyswat
bronzed	jumpily	thwacks
bronzed	plumify	thwacks
bronzed	glyptic	kumshaw
bronzes	mudpack	wightly
bronzes	fuckwit	lymphad
bronzes	flighty	mudpack
brought	speckly	windjam
browden	gymslip	kvutzah
browman	pudgily	seqfchk
browman	putidly	seqfchk
browned	gymslip	kvutzah
brownly	chafted	muzjiks
brownly	muzjiks	patched
browsed	cymling	kvutzah
browsed	glyphic	muntjak
bruskly	chomped	wafting
bruskly	fotched	vamping
bruting	poldavy	seqfchk
buckers	diglyph	vamfont
buckets	frowzly	vamping
buckets	damping	frowzly
bucking	flatdom	zephyrs
bucking	fremdly	potshaw
bucking	fremdly	washpot
bucking	frowzly	stamped
bucking	frowzly	heptads
bucking	frowzly	spathed
bucking	lymphad	twofers
bucking	powdery	shmaltz
bucking	dampest	frowzly
bucking	proxysm	waltzed
buckish	fjorgyn	waltzed
buckism	fjorgyn	waltzed
buckism	gryphon	waltzed
buckled	fjorgyn	wampish
buckled	fjorgyn	vampish
buckled	fjorgyn	mitsvah
buckled	fjorgyn	mitzvah
buckled	shortzy	vamping
buckled	frowsty	vamping
buckled	growths	panmixy
buckled	hafting	proxysm
buckled	proxysm	thawing
buckled	proxysm	wafting
buckles	fjorgyn	mitzvah
buckpot	flaming	shrewdy
buckpot	fremdly	waxings
buckpot	fremdly	jigsawn
buckpot	fremdly	washing
buckpot	fremdly	hawsing
buckpot	fremdly	hazings
buckpot	fremdly	shaving
buckpot	fremdly	shawing
buckpot	fremdly	havings
buckpot	freshly	windjam
buckpot	grandly	jewfish
buckras	flyting	whomped
bucksaw	flighty	provend
bucksaw	froglet	nymphid
bucksaw	mightly	provend
bucksaw	diglyph	vermont
bucksaw	nymphet	orfgild
budgets	forwalk	nymphic
budgets	frowzly	pickman
budling	maywort	seqfchk
budling	portway	seqfchk
budmash	fjorgyn	kleptic
budmash	flywort	pecking
budmash	frowzly	pecking
budworm	fanjets	glyphic
budworm	packing	thyself
budworm	seqfchk	tapling
budworm	seqfchk	taxying
budworm	flighty	kenspac
budworm	jacking	thyself
budworm	jackleg	phytins
budworm	lazying	seqfchk
budworm	playing	seqfchk
budworm	planity	seqfchk
budworm	planxty	seqfchk
budworm	plating	seqfchk
budworm	plygain	seqfchk
budworm	giantly	seqfchk
budworm	glyptic	khazens
budworm	czigany	klephts
budworm	hafting	speckly
budworm	ptyalin	seqfchk
budworm	inaptly	seqfchk
budzart	seqfchk	wyoming
budzart	clogwyn	mikvehs
budzart	foxskin	phlegmy
budzart	confisk	phlegmy
budzart	cowskin	phlegmy
budzart	ploying	seqfchk
budzart	plowing	seqfchk
budzart	glyoxim	seqfchk
budzart	howfing	speckly
budzart	yowling	seqfchk
bugwort	jackmen	sylphid
bugwort	seqfchk	vapidly
bugwort	panmixy	seqfchk
bugwort	pickmen	shadfly
bulking	chafted	proxysm
bulking	champed	frowsty
bulking	proxysm	watched
bultong	pyramid	seqfchk
bulwand	pygofer	schmitz
bulwark	gjedost	nymphic
bumkins	frowzly	patched
bumping	chalked	frowsty
bumping	jackrod	thyself
bumping	overfly	thwacks
bumping	flacked	shortzy
bumping	flyover	thwacks
bumping	flyswat	verchok
bumping	flywort	shacked
bumping	flocked	swarthy
bumping	sketchy	waldorf
bumping	forwalk	scythed
bumping	fotched	valkyrs
bumping	frowsty	hackled
bumping	frowzly	jackets
bumping	frowzly	shacked
bumping	frowzly	scathed
bumping	frowzly	thacked
bumping	frowzly	stacked
bumping	detachs	frowzly
bumping	dwarves	zlotych
bumpity	longjaw	seqfchk
bumpity	goldarn	seqfchk
bumpity	gowland	seqfchk
bumpity	rowland	seqfchk
bumpkin	frowzly	scathed
bumpkin	detachs	frowzly
bumpkin	dwarves	zlotych
bumtrap	filched	wongsky
bumtrap	flicked	wongshy
bumtrap	downily	seqfchk
bumtrap	indoxyl	seqfchk
bumtrap	yodling	seqfchk
bumtrap	yowling	seqfchk
bungled	pickmaw	shortzy
burdock	jewfish	planxty
burdock	maghzen	swiftly
burdock	thyself	vamping
burdock	mpangwe	sixthly
burgled	thwacks	viznomy
burking	chomped	flyswat
burking	swamped	zlotych
burntly	domajig	seqfchk
bushing	fremdly	jackpot
bushlet	fjorgyn	pickmaw
bushpig	flatdom	wryneck
bushpig	flywort	jackmen
bushpig	frowzly	jackmen
bushpig	deckman	flywort
bushpig	deckman	frowzly
busking	champed	flywort
busking	champed	frowzly
busking	comptly	wharfed
busking	frowzly	matched
busking	frowzly	patched
busking	cowpath	fremdly
busking	craftly	whomped
busting	champed	frowzly
bustled	fjorgyn	pickmaw
butches	damping	frowzly
butches	frowzly	vamping
butling	proxysm	whacked
butoxyl	seqfchk	warping
butoxyl	seqfchk	windjam
butoxyl	seqfchk	warding
butoxyl	seqfchk	vamping
butoxyl	seqfchk	warming
butoxyl	ginward	seqfchk
butoxyl	gripman	seqfchk
butoxyl	damping	seqfchk
butoxyl	prigman	seqfchk
butoxyl	ramping	seqfchk
butoxyl	mridang	seqfchk
butoxyl	draping	seqfchk
butoxyl	drawing	seqfchk
buxomly	parting	seqfchk
buxomly	prating	seqfchk
buxomly	privant	seqfchk
buxomly	ringtaw	seqfchk
buxomly	seqfchk	warping
buxomly	seqfchk	trading
buxomly	seqfchk	warding
buxomly	darting	seqfchk
buxomly	dawting	seqfchk
buxomly	draping	seqfchk
buxomly	drawing	seqfchk
buxomly	fringed	thwacks
buxomly	ginward	seqfchk
buxomly	inwrapt	seqfchk
camping	debtful	workshy
campong	khevzur	swiftly
capfuls	embrowd	kything
carboxy	flumped	knights
cashbox	grumped	twinkly
casking	frowzly	thumbed
casking	frowzly	thumped
catkins	fylgjur	whomped
catskin	fylgjur	whomped
cavings	frowzly	thumbed
cavings	frowzly	thumped
chabuks	fjorgyn	wimpled
chabuks	frowzly	pigment
chafing	jumbled	skyport
chafted	muzjiks	wrongly
chalked	frowsty	jumping
chalutz	fjorgyn	skimped
chametz	fylgjur	sinkbox
chametz	disknow	fylgjur
champed	frowzly	tubings
champed	frowzly	tusking
champed	frowzly	subking
champed	frowzly	justing
champed	fylgjur	sinkbox
champed	flywort	subking
changed	flywort	muzjiks
charpit	fumbled	wongsky
charpit	jumbled	wongsky
chawing	jumbled	skyport
chawing	fumbled	skyport
chawing	debtful	proxysm
chemung	flypast	kowbird
chimble	updraft	wongsky
chinked	fylgjur	wombats
chintze	plumbog	skyward
chintzy	flumped	workbag
chintzy	slumped	workbag
chintzy	gambled	workups
chintzy	purfled	sjambok
chintzy	duplexs	workbag
chintzy	dwarves	plumbog
chinwag	jumbled	skyport
chinwag	fumbled	skyport
chinwag	debtful	proxysm
chiplet	fyrdung	sjambok
chistka	fjorgyn	plumbed
chlamyd	newburg	postfix
chowder	muzjiks	planxty
chumped	fjorgyn	walkist
chumped	frowzly	staking
chumped	frowzly	staving
chumped	frowzly	takings
chumped	frowzly	tasking
chumped	frowzly	skating
chumped	frowzly	gitksan
chunked	frowzly	gambist
chunked	frowzly	gambits
chutzpa	fjorgyn	swimbel
chutzpa	fjorgyn	wimbled
chutzpa	fjorgyn	wimbles
chutzpa	fjorgyn	mildews
chutzpa	fremdly	sinkbox
chutzpa	embrowd	flyings
cyborgs	flumped	whatkin
cyborgs	flunked	mitzvah
cyborgs	kvutzah	wimpled
cyborgs	mitzvah	plunked
cymblin	kvutzah	powders
cymling	kvutzah	powders
clanged	forthby	muzjiks
clewing	kvutzah	proxysm
climbed	fjorgyn	kvutzah
climbed	fjorgyn	hutzpas
clinged	kvutzah	proxysm
clogwyn	kvutzah	prismed
clogwyn	friszka	thumbed
clogwyn	friszka	thumped
clogwyn	mikvehs	updraft
clogwyn	mitzvah	predusk
clubdom	wafting	zephyrs
clumped	fjorgyn	hawkbit
clumped	fogbank	hystrix
clumped	forthby	waxings
clumped	forthby	jigsawn
clumpst	janghey	kowbird
clumpst	fjorgyn	khediva
clumpst	hagdown	verbify
clumpst	hexagyn	kowbird
codbank	jumpers	wightly
codbank	flighty	jumpers
codbank	twigful	zephyrs
combind	flypast	khevzur
combind	flyswat	khevzur
combing	flypast	khevzur
combing	flyswat	khevzur
compels	fyrdung	hawkbit
compend	fylgjur	hawkbit
comping	flyswat	khevzur
complex	jubardy	knights
complex	fyrdung	jahvist
complex	fyrdung	hawkbit
complex	skyward	unfight
compted	fylgjur	hawkins
compted	fylgjur	knavish
comptly	fadings	khevzur
comptly	farding	jewbush
comptly	jerking	waxbush
comptly	jigsawn	khevzur
comptly	kerfing	waxbush
comptly	khevzur	windbag
comptly	khevzur	waxings
comptly	frazing	jewbush
comptly	fringed	waxbush
comptly	darking	jewbush
comptly	subking	wharfed
comptly	dzungar	jewfish
confisk	grumphy	waltzed
conflux	empight	skyward
copings	fremdly	kvutzah
copsing	fremdly	kvutzah
corymbs	jewling	kvutzah
corymbs	jingled	kvutzah
corymbs	flexing	kvutzah
corymbs	kvutzah	welding
cornfed	gymslip	kvutzah
cowbind	fylgjur	zemstva
cowbind	flasket	grumphy
cowbind	flypast	khevzur
cowbind	phlegms	quartzy
cowbind	pugmark	thyself
cowhand	fylgjur	miskept
cowherb	muzjiks	planxty
cowherd	muzjiks	planxty
cowpath	fremdly	subking
cowskin	flatbed	grumphy
craftly	jewbush	kingdom
craftly	subking	whomped
craftly	sinkbox	whumped
cryptal	jewbush	kingdom
crypted	jambing	showful
crypted	jimbang	showful
crypted	kimbang	showful
crypted	fluxing	sjambok
crypted	fluxing	mohawks
crypted	kumshaw	vingolf
crypted	vingolf	waxbush
crypted	longjaw	muzhiks
crypted	howfing	jumbals
crypted	howking	jumbals
cryptos	fumbled	hawking
cryptos	hawking	jumbled
crowned	gymslip	kvutzah
crumbed	flypast	howking
crumbly	jewfish	paktong
crumbly	foxship	twanged
crumbly	postfix	whanged
crumped	fogbank	sixthly
crumped	fogbank	whistly
crumped	fogbank	swithly
crumpet	howfing	skybald
crumply	fogbank	whisted
cutbank	frowzly	sphegid
cutdown	friszka	phlegmy
czardom	flyting	jewbush
dayglow	seqfchk	tipburn
daywrit	plumbog	seqfchk
damping	seqfchk	troubly
damping	frowzly	subject
damping	frowzly	quetsch
dawting	mockful	zephyrs
dcbname	flighty	workups
debarks	jumping	zlotych
deblock	jumping	swarthy
deblock	rhyming	upwafts
debtful	jacking	proxysm
debtful	pharmic	wongsky
debtful	vamping	workshy
debtful	hacking	proxysm
debtful	hagworm	pyknics
debtful	hawking	proxysm
debtful	mizrach	wongsky
debtful	rampick	wongshy
decamps	fjorgyn	whilkut
deckman	frighty	subplow
deckman	fylgjur	phobist
deckman	fylgjur	spitbox
decrypt	jambing	showful
decrypt	jimbang	showful
decrypt	kimbang	showful
decrypt	fluxing	sjambok
decrypt	fluxing	mohawks
decrypt	kumshaw	vingolf
decrypt	vingolf	waxbush
decrypt	longjaw	muzhiks
decrypt	howfing	jumbals
decrypt	howking	jumbals
decrown	gymslip	kvutzah
dehorts	flyback	jumping
delving	hackbut	proxysm
delving	hawbuck	proxysm
dentils	grumphy	jackbox
deskman	fylgjur	powitch
detachs	frowzly	jumping
devinct	fylgjur	mohawks
devwsor	flyback	jumping
devwsor	flyback	humping
devwsor	flyback	thingum
devwsor	flyback	unmight
devwsor	glyphic	muntjak
dewlaps	forthby	mucking
diglyph	jackbox	munster
diglyph	jackbox	unwrest
diglyph	jackbox	turfmen
diglyph	jackbox	surfmen
diglyph	jackbox	sternum
diglyph	jackets	mowburn
diglyph	fanwork	subject
diglyph	unfrock	zemstva
diglyph	junkers	waxcomb
diglyph	junkets	waxcomb
diglyph	forkman	subject
diglyph	forwent	subjack
diglyph	sawbuck	vermont
diglyph	frenums	jackbox
diglyph	frument	jackbox
diglyph	frument	sowback
diglyph	funkers	waxcomb
diglyph	funster	jackbox
diglyph	funster	waxcomb
diglyph	sowback	turfmen
diglyph	subjack	vermont
diglyph	subject	workman
diglyph	runback	zemstvo
dimples	fjorgyn	hackbut
dimples	fjorgyn	hawbuck
dimples	fjorgyn	kvutzah
dingbat	mockful	zephyrs
dioptry	lumbang	seqfchk
diptych	fanwork	jumbles
diptych	fogbank	wurzels
discamp	fylgjur	knoweth
disgown	flyback	thumper
disgown	flyback	vermuth
disgulf	jackbox	nymphet
dishelm	fjorgyn	putback
dishmop	fylgjur	wetback
disknow	fylgjur	macbeth
disrump	jackbox	thegnly
disrump	jackbox	lengthy
disturn	jackbox	phlegmy
dockets	fylgjur	whipman
docking	flytrap	jewbush
dockman	fylgjur	zibeths
dockman	twigful	zephyrs
donship	fylgjur	wetback
dowitch	embanks	fylgjur
dowment	flyback	griphus
downcry	fimbles	kvutzah
downcry	kvutzah	simplex
downcry	kvutzah	megilps
downcry	lebhaft	muzjiks
downcry	glimpse	kvutzah
downcry	mitzvah	skepful
downcut	friszka	phlegmy
dowsing	flyback	thumper
dowsing	flyback	vermuth
dozenth	fylgjur	pickmaw
drachms	flyting	jukebox
drawboy	jumping	seqfchk
drawboy	pluming	seqfchk
drawboy	lumping	seqfchk
drawcut	foxskin	phlegmy
drawcut	phlegmy	sinkbox
drawing	seqfchk	volupty
drawnly	jukebox	schmitz
drawnly	seqfchk	upvomit
dryfist	jackbox	upwhelm
dryfist	jackbox	plugmen
dryfist	hawbuck	jonglem
droving	mutably	seqfchk
drunkly	speight	waxcomb
ducking	lebhaft	proxysm
ducklet	fjorgyn	wampish
ducklet	fjorgyn	vampish
duckpin	flambes	growthy
dumbcow	jerkish	planxty
dumbcow	fatling	zephyrs
dumbcow	felspar	kything
dumbcow	flaking	zephyrs
dumbcow	parking	thyself
dumbcow	flighty	panzers
dumbcow	flighty	spanker
dumbcow	flighty	jankers
dumbcow	flights	knavery
dumbcow	flypast	jerking
dumbcow	flypast	gherkin
dumbcow	flyting	peshkar
dumbcow	flytrap	jisheng
dumbcow	klephts	varying
dumbcow	knavery	plights
dumbcow	knights	palfrey
dumbcow	krapfen	sixthly
dumbcow	krapfen	sightly
dumbcow	krapfen	slighty
dumbcow	fraying	klephts
dumbcow	frankly	speight
dumbcow	frazing	klephts
dumbcow	friszka	thegnly
dumbcow	friszka	lengthy
dumbcow	planxty	skreigh
dumbcow	ghastly	perjink
dumbcow	halving	psykter
dumbcow	talking	zephyrs
dumbcow	hefting	sparkly
dumbcow	hefting	valkyrs
dumbest	fanwork	glyphic
dumbest	frowzly	hacking
dumbest	frowzly	packing
dumbest	frowzly	jacking
dumbing	jackpot	shrewly
dumbing	jackpot	welshry
dumbing	overfly	thwacks
dumbing	overply	thwacks
dumbing	flyover	thwacks
dumbing	flypast	verchok
dumbing	flyswat	verchok
dumbing	kwartje	psychol
dumbing	peroxyl	thwacks
dumbing	freckly	potshaw
dumbing	freckly	washpot
dumbing	freshly	jackpot
dumbing	frowzly	patches
dumbing	frowzly	jackets
dumbing	frowzly	hepcats
dumbing	frowzly	packets
dumbing	lockjaw	zephyrs
dumbing	plovery	thwacks
dumbing	portway	seqfchk
dumpers	jackbox	nightly
dumpers	jackbox	thingly
dumpers	jackbox	wightly
dumpers	flighty	jackbox
dumpers	flyting	jackbox
dumping	exhorts	flyback
dumping	jackbox	welshry
dumping	jackbox	thyself
dumping	jackbox	shrewly
dumping	jackbox	sweltry
dumping	overfly	thwacks
dumping	flyover	thwacks
dumping	flyswat	verchok
dumping	freshly	jackbox
dumping	frowzly	setback
dumping	frowzly	jackets
dumpish	fjorgyn	wetback
dumpish	flyback	grotzen
dumpler	fogbank	switchy
dumpoke	flyting	schwarz
dunkers	flighty	waxcomb
dupable	fjorgyn	schmitz
duplexs	finback	growthy
duplexs	fjorgyn	hawkbit
duplexs	fjorgyn	mitzvah
duplexs	forthby	jacking
duplify	growths	jackmen
dusking	frowzly	macbeth
dustbox	freckly	whipman
dustbox	freckly	vamping
dustbox	maghzen	prickly
dusting	flyback	morphew
dwaibly	gunport	seqfchk
dwarves	jumping	zlotych
dzungar	seqfchk	womplit
elfwort	nymphid	subjack
embanks	fylgjur	powitch
embanks	flighty	upcrowd
embrowd	flaught	pyknics
embrowd	flighty	unpacks
embrowd	flyings	kvutzah
embrowd	kitschy	pangful
embrowd	glycins	kvutzah
embrown	japygid	schultz
empight	frowzly	sunback
empight	frowzly	subjack
endship	fylgjur	tomback
endship	fylgjur	waxcomb
endship	flyback	mugwort
exhorts	flyback	jumping
expands	fylgjur	mikvoth
expound	flyback	wrights
exsculp	forthby	windjam
exsculp	fjorgyn	hawkbit
exsculp	fjorgyn	mitzvah
fackins	growthy	jumbled
fackins	growthy	plumbed
factrix	humbled	wongsky
factrix	jumbled	wongshy
factrix	jumbled	wongsky
factrix	plumbed	wongshy
factrix	plumbed	wongsky
fandoms	purbeck	wightly
fandoms	glyptic	khevzur
felting	hawbuck	proxysm
felwort	nymphid	subjack
fewmand	schultz	vibgyor
figment	plbroch	squawky
figworm	schultz	vandyke
figworm	planxty	shucked
figworm	putchen	skybald
figwort	schlump	vandyke
filbert	mudpack	wongshy
fylgjur	kentish	waxcomb
fylgjur	kindest	waxcomb
fylgjur	patched	sinkbox
fylgjur	knosped	mitzvah
fylgjur	sinkbox	watched
fylgjur	petkins	waxcomb
fylgjur	phantom	sickbed
fylgjur	mikvoth	spawned
fylgjur	mikvoth	spandex
fylgjur	phonism	wetback
fylgjur	pinched	wombats
fylgjur	pinched	tombaks
fylgjur	pinkest	waxcomb
fylgjur	spitbox	whacked
fylgjur	washpot	zincked
fylgjur	misknow	patched
fylgjur	pontacq	whisked
fylgjur	makhzen	spitbox
fylgjur	waxcomb	zeniths
fylgjur	potshaw	zincked
fylgjur	stocked	whipman
fylgjur	matched	sinkbox
fylgjur	windock	zemstva
fylgjur	wombats	zincked
fylgjur	hackmen	spitbox
fylgjur	handbow	smicket
fylgjur	handbow	pickets
fylgjur	handbow	skeptic
fylgjur	handbow	spicket
fylgjur	handbow	miskept
fylgjur	mikvehs	pontacq
fylgjur	stipend	waxcomb
fylgjur	hopbind	zemstva
fylgjur	hotbeds	pickman
fylgjur	hotbeds	pickmaw
fylgjur	tomback	wendish
fylgjur	tombaks	winched
fylgjur	nobatch	skimped
fylgjur	imponed	thwacks
fylgjur	inkshed	waxcomb
fylgjur	intombs	whacked
finback	splodgy	vermuth
finback	growthy	slumped
finback	grumphy	jostled
finspot	grumbly	whacked
firbolg	muntjak	psyched
fyrdung	jackbox	wimples
fyrdung	jackbox	limpest
fyrdung	jackbox	limpets
fyrdung	jackbox	peltish
fyrdung	jackbox	shiplet
fyrdung	jackbox	whistle
fyrdung	jackpot	swimbel
fyrdung	jackpot	whimble
fyrdung	jackpot	wimbles
fyrdung	jewship	tomback
fyrdung	shiplet	waxcomb
fyrdung	klephts	waxcomb
fyrdung	peltish	waxcomb
fyrdung	skelpit	waxcomb
fyrdung	phlomis	wetback
fyrdung	pickmaw	soxhlet
fyrdung	limbeck	potshaw
fyrdung	limbeck	washpot
fyrdung	lockjaw	zibeths
fyrdung	pokable	schmitz
fyrdung	whilock	zemstva
firstly	jackbox	whumped
fjorgyn	scamped	whilkut
fjorgyn	kleptic	waxbush
fjorgyn	pediwak	schultz
fjorgyn	kvutzah	simpled
fjorgyn	kvutzah	wimples
fjorgyn	kvutzah	simplex
fjorgyn	kvutzah	spliced
fjorgyn	kvutzah	mispled
fjorgyn	kvutzah	mildews
fjorgyn	kvutzah	wimbled
fjorgyn	kvutzah	wimbles
fjorgyn	kvutzah	wimpled
fjorgyn	kvutzah	swimbel
fjorgyn	upstick	wambled
fjorgyn	upstick	whamble
fjorgyn	pickled	waxbush
fjorgyn	pickled	washtub
fjorgyn	plumbed	sikatch
fjorgyn	plumbed	thwacks
fjorgyn	plumbic	swathed
fjorgyn	plumist	whacked
fjorgyn	lumpish	wetback
fjorgyn	squitch	wambled
fjorgyn	stackup	wimbled
fjorgyn	stackup	whimble
fjorgyn	malduck	zibeths
fjorgyn	stickup	wambled
fjorgyn	stickup	whamble
fjorgyn	stilbum	whacked
fjorgyn	subtack	wimpled
fjorgyn	hackbut	simpled
fjorgyn	hackbut	wimples
fjorgyn	hackbut	simplex
fjorgyn	hackbut	mispled
fjorgyn	hackbut	mildews
fjorgyn	hackbut	wimpled
fjorgyn	sulphid	wetback
fjorgyn	puckish	waltzed
fjorgyn	puckish	wambled
fjorgyn	mildews	putback
fjorgyn	swathed	upclimb
fjorgyn	hawbuck	simpled
fjorgyn	hawbuck	simplex
fjorgyn	hawbuck	limpest
fjorgyn	hawbuck	limpets
fjorgyn	hawbuck	mispled
fjorgyn	hawbuck	mildest
fjorgyn	hawkbit	muscled
fjorgyn	hawkbit	sculped
fjorgyn	hawkbit	slumped
fjorgyn	mitsvah	plucked
fjorgyn	mitzvah	plucked
fjorgyn	mitzvah	sculked
fjorgyn	mitzvah	sculped
fjorgyn	mitzvah	suckled
fjorgyn	quicked	shmaltz
fjorgyn	mudpack	whistle
fjorgyn	mudpack	zibeths
fjorgyn	tickled	waxbush
fjorgyn	hustled	pickmaw
fjorgyn	hutzpas	wimbled
fjorgyn	hutzpas	limbeck
fjorgyn	sackbut	wimpled
flabrum	pitched	wongsky
flacked	jumping	shortzy
flambes	kything	upcrowd
flatbed	gryphon	muzjiks
flatbed	howking	scrumpy
flatbed	jumping	workshy
flaught	proxysm	zincked
fleming	skyward	upbotch
flexing	skyward	upbotch
flexing	mudpack	shortzy
flyback	thugdom	wiverns
flyback	jisheng	mudwort
flyback	jodhpur	stewing
flyback	jodhpur	westing
flyback	jodhpur	zesting
flyback	jodhpur	vesting
flyback	jodhpur	twinges
flyback	joshing	trumped
flyback	jumping	shroved
flyback	jumping	shorted
flyback	jumping	worsted
flyback	jumping	worthed
flyback	jumping	strowed
flyback	justing	whomped
flyback	justing	morphew
flyback	unmoved	wrights
flyback	shoving	trumped
flyback	showing	trumped
flyback	upwring	zemstvo
flyback	smidgen	upthrow
flyback	sorting	whumped
flyback	spright	unmoved
flyback	spright	unmowed
flyback	spright	unvowed
flyback	spuming	worthed
flyback	pongids	vermuth
flyback	powders	thingum
flyback	powders	unmight
flyback	storing	whumped
flyback	stoving	whumped
flyback	growths	unimped
flyback	growths	unmixed
flyback	stumped	whoring
flyback	grumped	townish
flyback	trigons	whumped
flyback	gumdrop	zeniths
flyback	gumdrop	swithen
flyback	gumdrop	whitens
flyback	pronged	wismuth
flyback	methods	upwring
flyback	provend	wismuth
flyback	movings	upthrew
flyback	humping	worsted
flyback	humping	strowed
flyback	rovings	whumped
flyback	rovings	thumped
flyback	tregohm	windups
flyback	tregohm	upwinds
flyback	impends	wrought
flyback	impugns	worthed
flyback	rowings	thumped
flyback	rumshop	twinged
flyback	rusting	whomped
flighty	jackbox	spurned
flighty	junkers	waxcomb
flighty	spunked	waxcomb
flighty	spurned	waxcomb
flighty	predusk	waxcomb
flighty	subjack	wordmen
flighty	provend	sawbuck
flighty	provend	subjack
flyings	jackbox	whumped
flyings	jackbox	upthrew
flyings	jackbox	trumped
flyings	jackbox	thumped
flyings	jackbox	thumper
flyings	jackbox	vermuth
flyings	jodhpur	wetback
flyings	khevzur	waxcomb
flyings	hawbuck	tromped
flinted	grumphy	jackbox
flinted	grumphy	sowback
flinted	hawbuck	proxysm
flyover	jumping	thwacks
flypast	homburg	zincked
flyswat	jumping	verchok
flyswat	homburg	zincked
flyting	jackbox	whumped
flyting	jukebox	schwarz
flyting	khevzur	mobcaps
flyting	khevzur	waxcomb
flyting	predusk	waxcomb
flyting	subjack	whomped
flyting	morphew	subjack
flytrap	jewbush	mocking
flytrap	jewbush	kingdom
flywort	jambing	shucked
flywort	jimbang	shucked
flywort	jisheng	mudpack
flywort	jumping	shacked
flywort	shucked	vamping
flywort	gadbush	pickmen
flywort	ganched	muzjiks
flywort	gundeck	jahvism
flywort	gundeck	vampish
flocked	jumping	swarthy
fluking	waxcomb	zephyrs
fluking	proxysm	watched
fluming	jackbox	zephyrs
fluming	jackbox	shrewdy
fluming	jackpot	shrewdy
fluming	hydrops	wetback
flumped	jackboy	wrights
flumped	jackbox	stringy
flumped	jackbox	wrights
flumped	jacking	shortzy
flumped	schnitz	workbag
flumped	kingcob	swarthy
flumped	snitchy	workbag
flumped	grysbok	xanthic
flumped	grysbok	jacinth
flumped	thwacks	vibgyor
flunked	spright	waxcomb
flunkey	spright	waxcomb
fluster	jackbox	nymphid
fluters	jackbox	nymphid
fluting	jackbox	zephyrs
fluting	jackbox	shrewdy
fluting	waxcomb	zephyrs
fluting	proxysm	whacked
fluxing	jackpot	shrewdy
fluxing	shrewdy	tomback
fluxing	hydrops	wetback
fluxing	tomback	zephyrs
fogbank	prudely	schmitz
fogbank	prudity	schmelz
fogbank	rumpled	switchy
folkway	grumped	schnitz
forbled	jumping	thwacks
forbled	gymnics	kvutzah
forceps	mudbank	wightly
forking	lymphad	subject
forkman	glyptic	jewbush
forkmen	japygid	schultz
forkmen	glyptic	waxbush
formyls	ketchup	windbag
forthby	jacking	slumped
forthby	jackleg	windups
forthby	jackleg	upwinds
forthby	jewling	mudpack
forthby	jewling	mudcaps
forthby	jigsawn	plucked
forthby	jingles	mudpack
forthby	sculked	vamping
forthby	jumping	swacked
forthby	jumping	slacked
forthby	jungled	pickmaw
forthby	jungles	pickmaw
forthby	kingcup	wadmels
forthby	plucked	waxings
forthby	lucking	swamped
forthby	pluming	swacked
forthby	lumping	swacked
forthby	glanced	muzjiks
forthby	mackled	upswing
forthby	malduck	spewing
forthby	guldens	pickmaw
forthby	gweduck	slipman
forthby	gweduck	plasmin
forthby	gweduck	salpinx
forthby	suckled	vamping
forthby	mudpack	swingel
forthby	mudpack	swingle
forthby	mudpack	slewing
forthby	muzjiks	wangled
forwalk	schmitz	ungyved
forwalk	jumping	scythed
forwalk	nymphid	subject
fotched	jumping	valkyrs
foxskin	grumbly	watched
foxskin	grumbly	patched
foxskin	grumphy	waltzed
franked	plumbog	switchy
fratchy	jumbled	spoking
fratchy	plumbog	swinked
freckly	jahvism	putdown
freckly	ghazism	putdown
fremdly	jackbox	spignut
fremdly	jackbox	tushing
fremdly	jackbox	shuting
fremdly	jackbox	pignuts
fremdly	jackbox	upswing
fremdly	jackbox	stuping
fremdly	jackbox	unsight
fremdly	jackbox	pushing
fremdly	jackbox	whitsun
fremdly	jackbox	unwhipt
fremdly	jigsawn	upbotch
fremdly	joshing	putback
fremdly	kvutzah	scowing
fremdly	kvutzah	scoping
fremdly	upbotch	waxings
fremdly	pocking	waxbush
fremdly	pocking	washtub
fremdly	gunship	jackbox
fremdly	gutnish	jackbox
fremdly	putback	showing
fremdly	putback	shoving
fremdly	hawbuck	posting
fremdly	hawbuck	stoping
fremdly	hawbuck	stoving
fremdly	husting	jackbox
fremdly	hutzpas	kingcob
fremdly	nickpot	waxbush
frenums	jackbox	wightly
frighty	jackbox	slumped
frighty	jackbox	plenums
frighty	jackbox	lumpens
frighty	jackmen	subplow
frighty	jackson	plumbed
frighty	jumbled	snowcap
frighty	spelunk	waxcomb
frighty	plowmen	subjack
frighty	plunked	waxcomb
frighty	spunked	waxcomb
frighty	swamped	unblock
frights	plunked	waxcomb
friszka	junctly	whomped
frogbit	schlump	vandyke
froglet	nymphid	sawbuck
froglet	nymphid	subjack
fronted	gymslip	hawbuck
frowned	mightly	subjack
frowned	gymslip	hackbut
frowned	gymslip	kvutzah
frowsty	jacking	plumbed
frowsty	jambing	plucked
frowsty	jimbang	plucked
frowsty	jumbled	packing
frowsty	galumph	zincked
frowsty	hacking	jumbled
frowsty	hacking	plumbed
frowsty	hackled	jumping
frowsty	helving	mudpack
frowsty	humbled	packing
frowsty	humbled	jacking
frowzly	jacking	stumped
frowzly	jacking	thumbed
frowzly	jacking	thumped
frowzly	jambing	ketchup
frowzly	jambing	quetsch
frowzly	jambing	shucked
frowzly	scaping	thumbed
frowzly	jesting	mudpack
frowzly	jimbang	ketchup
frowzly	jimbang	quetsch
frowzly	jimbang	shucked
frowzly	jisheng	mudpack
frowzly	jisheng	putback
frowzly	jumping	setback
frowzly	jumping	shacked
frowzly	jumping	scathed
frowzly	jumping	thacked
frowzly	jumping	stacked
frowzly	packing	thumbed
frowzly	subjack	theming
frowzly	subject	vamping
frowzly	kimbang	quetsch
frowzly	patched	subking
frowzly	shucked	tamping
frowzly	shucked	vamping
frowzly	shucked	timbang
frowzly	pavings	thumbed
frowzly	pigment	subjack
frowzly	gadbush	pickmen
frowzly	gambist	punched
frowzly	gambits	punched
frowzly	spacing	thumbed
frowzly	gedackt	pinbush
frowzly	spuming	thacked
frowzly	matched	subking
frowzly	gundeck	mitsvah
frowzly	gundeck	vampish
frowzly	gundeck	jahvism
frowzly	gundeck	jahvist
frowzly	hackbut	impends
frowzly	hackbut	smidgen
frowzly	meshing	putback
frowzly	hacking	stumped
frowzly	hagbuts	pickmen
frowzly	mighted	sunback
frowzly	mighted	unpacks
frowzly	mighted	subjack
frowzly	putback	smidgen
frowzly	quetsch	vamping
frowzly	henbits	mudpack
frowzly	heptads	mucking
frowzly	mucking	spathed
frowzly	mudbank	pitches
frowzly	mudbank	speight
frowzly	mudpack	sighten
frowzly	mudpack	nighest
frowzly	mudpack	vesting
frowzly	muntjac	sphegid
frowzly	muntjak	sphecid
frowzly	muntjak	sphegid
frowzly	humping	setback
frowzly	humping	jackets
frowzly	humping	stacked
frowzly	nighted	subjack
frowzly	impugns	thacked
frowzly	sacking	thumbed
frowzly	sacking	thumped
frument	jackbox	sylphid
fucking	shortzy	wambled
fucking	lymphad	obverts
fucking	lymphad	wobster
fucking	powdery	shmaltz
fucking	proxysm	waltzed
fuckwit	jangled	proxysm
fuckwit	jordans	phlegmy
fuckwit	phlegmy	sandbox
fuckwit	phlegmy	robands
fuckwit	garbled	nymphos
fuckwit	mangold	zephyrs
fuckwit	governs	lymphad
fuckwit	herbman	splodgy
fulgent	jackbox	shrimpy
fulgent	jackbox	syrphid
fulgent	syrphid	waxcomb
fumbled	jacking	shortzy
fumbled	schwarz	typikon
fumbled	packing	shortzy
fumbled	patrick	wongshy
fumbled	pyknics	warthog
fumbled	garvock	phytins
fumbled	pocking	swarthy
fumbled	growths	panicky
fumbled	proving	thwacks
fumbled	tripack	wongshy
fumbles	hagdown	kryptic
funders	jackbox	mightly
funders	jackbox	wightly
futchel	grysbok	windjam
futchel	proxysm	windbag
gadbush	kryptic	wolfmen
garvock	jestful	nymphid
garvock	jumbled	phytins
garvock	nymphid	zestful
ghostly	purbeck	windjam
gymnics	kvutzah	lowbred
gymnics	kvutzah	prowled
gymslip	jackbox	thunder
ginward	seqfchk	volupty
gypster	jackbox	mindful
glinted	hawbuck	proxysm
glyphic	jukebox	transfd
glyphic	mudbank	twofers
glyphic	rubdown	zemstva
glyptic	khevzur	sandbox
grandly	jukebox	schmitz
grandly	seqfchk	upvomit
gristly	jackbox	whumped
grownup	seqfchk	tabidly
growthy	jumbals	zincked
growthy	mudbank	pelvics
growths	jumbled	panicky
growths	upclimb	vandyke
growths	lazybed	nipmuck
growths	plumbic	vandyke
growths	mudpack	vixenly
grumbly	jewfish	pontacq
grumbly	oxidant	seqfchk
grumbly	jackpot	newfish
grumbly	jackpot	wendish
grumbly	pintado	seqfchk
grumbly	washpot	zincked
grumbly	pontacq	whisked
grumbly	postfix	whacked
grumbly	potshaw	zincked
grumped	jackbox	whistly
grumped	jackbox	swithly
grumped	jackbox	swiftly
grumped	noblify	thwacks
grumphy	jackbox	swindle
grumphy	jackbox	wintled
grumphy	jackbox	westlin
grumphy	jackbox	wintles
grumphy	jackbox	snifted
grumphy	jackbox	windles
grumphy	jackbox	stifled
grumphy	jackbox	twindle
grumphy	jackbox	wildest
grumphy	jackbox	swiften
grumphy	sinkbox	waltzed
grumphy	sixfold	wetback
grumphy	lastjob	zincked
grumphy	lockjaw	snifted
grumphy	indwelt	jackbox
grumphy	infolds	wetback
grumphy	saltbox	zincked
gumdrop	seqfchk	tawnily
gumdrop	thwacks	vixenly
gundeck	halfwit	proxysm
gweduck	pharynx	simblot
hackbut	jewling	proxysm
hackbut	jingled	proxysm
hackbut	proxysm	welding
hagdown	jumbles	kryptic
hawbuck	jingled	proxysm
hawbuck	jinglet	proxysm
hawbuck	proxysm	tingled
hawbuck	neftgil	proxysm
hawkbit	jungled	proxysm
hydrops	jackmen	twigful
hymnist	jackbox	purfled
homburg	pyknics	waltzed
humping	jackbox	sweltry
yangtze	kowbird	schlump
ivywort	plugman	seqfchk
ivywort	lumbang	seqfchk
jackbox	shingly	trumped
jackbox	shrewdy	upfling
jackbox	shrimpy	undwelt
jackbox	sylphid	turfmen
jackbox	pestful	rhyming
jackbox	uplight	wyverns
jackbox	phrensy	twigful
jackbox	phrynid	zestful
jackbox	plunged	rhymist
jackbox	pithful	wyverns
jackbox	lythrum	spewing
jackbox	lythrum	swinged
jackbox	spindly	vermuth
jackbox	pluming	shrewdy
jackbox	lumping	shrewdy
jackbox	spurned	wightly
jackbox	styling	whumped
jackbox	stringy	whumped
jackbox	stringy	upwhelm
jackbox	menthyl	upgirds
jackbox	methyls	upwring
jackbox	surfmen	wightly
jackbox	mightly	refunds
jackbox	mightly	spurned
jackbox	mindful	zephyrs
jackbox	pungled	rhymist
jackbox	thyself	upwring
jackbox	refunds	wightly
jackbox	rhyming	zestful
jackbox	nymphid	restful
jackbox	nymphid	zestful
jackbox	nymphid	wurzels
jackbox	nutrify	phlegms
jackbox	twigful	zephyrs
jacking	plumbed	shortzy
jacking	mudflow	zephyrs
jahvist	plumbog	wryneck
jambing	scythed	workful
jambing	seqfchk	volupty
jambing	keyword	schultz
jambing	peckful	shortzy
jambing	plucked	shortzy
jambing	potluck	shrewdy
jambing	poultry	seqfchk
jambing	powdery	schultz
jambing	predusk	zlotych
jambing	proudly	seqfchk
jambing	psyched	workful
jambing	putlock	shrewdy
jambing	thyself	upcrowd
japygid	schultz	workmen
japygid	mowburn	seqfchk
jestful	phrynid	waxcomb
jestful	nymphic	workbag
jestful	nymphid	workbag
jewbird	kampong	slutchy
jewbird	kampong	schultz
jewbird	mockups	xanthyl
jewbush	kryptic	mangold
jewbush	prickly	vamfont
jewfish	mudrock	planxty
jewling	mudpack	shortzy
jewling	kvutzah	proxysm
jimbang	scythed	workful
jimbang	seqfchk	volupty
jimbang	keyword	schultz
jimbang	peckful	shortzy
jimbang	plucked	shortzy
jimbang	potluck	shrewdy
jimbang	poultry	seqfchk
jimbang	powdery	schultz
jimbang	predusk	zlotych
jimbang	proudly	seqfchk
jimbang	psyched	workful
jimbang	putlock	shrewdy
jimbang	thyself	upcrowd
jingled	kvutzah	proxysm
jolting	marybud	seqfchk
jonglem	kryptic	waxbush
jubardy	seqfchk	womplit
jubardy	seqfchk	twoling
jubardy	lingtow	seqfchk
jubardy	plowing	seqfchk
jubardy	potling	seqfchk
jubardy	molting	seqfchk
jumbled	schwarz	typikon
jumbled	packing	shortzy
jumbled	patrick	wongshy
jumbled	pyknics	warthog
jumbled	pocking	swarthy
jumbled	pontify	schwarz
jumbled	proving	thwacks
jumbled	tripack	wongshy
jumpers	windbag	zlotych
jumping	overfly	thwacks
jumping	sketchy	waldorf
jungled	pickmaw	shortzy
jungled	morbify	thwacks
juslted	nymphic	workbag
justled	nymphic	workbag
kampong	schultz	verbify
keyword	schultz	vamping
keyword	pangful	schmitz
kerflop	schmitz	waybung
kerflop	smutchy	windbag
khevzur	spindly	waxcomb
khevzur	splinty	waxcomb
khevzur	styling	waxcomb
kimbang	powdery	schultz
kimbang	thyself	upcrowd
kingcup	shortzy	wambled
kingrow	lymphad	subject
kything	slurped	waxcomb
kything	purfled	waxcomb
kything	purfles	waxcomb
klephts	uncomfy	waxbird
klutzes	phrynid	waxcomb
knights	preyful	waxcomb
knights	prudely	waxcomb
knights	purfled	waxcomb
knublet	pygmoid	schwarz
kowbird	pygmean	schultz
kryptic	mudflow	shebang
kvutzah	proxysm	welding
ladybug	pinworm	seqfchk
ladybug	preknow	schmitz
lapwork	schmitz	ungyved
lazying	mudwort	seqfchk
lengthy	mockups	waxbird
limbeck	updraft	wongshy
lymphad	subject	working
lingtow	marybud	seqfchk
lockjaw	springy	thumbed
lockjaw	nymphid	subvert
longjaw	prudity	seqfchk
lumbang	seqfchk	tripody
madwort	seqfchk	uplying
mahjong	purbeck	swiftly
mahjong	redbuck	swiftly
manbird	seqfchk	volupty
marybud	seqfchk	twoling
marybud	plowing	seqfchk
marybud	potling	seqfchk
mightly	provend	sawbuck
mightly	provend	subjack
mitzvah	upfolds	wryneck
mitzvah	purfled	wongsky
mitzvah	rubdown	speckly
mockful	pharynx	widgets
mockful	windbag	zephyrs
mockups	thegnly	waxbird
morbify	plunged	thwacks
morbify	pungled	thwacks
movably	seqfchk	upwring
mowburn	seqfchk	vapidly
mridang	seqfchk	volupty
mudflow	tacking	zephyrs
mudpack	wrongly	zibeths
mudwort	playing	seqfchk
mudwort	plygain	seqfchk
mugwort	seqfchk	vapidly
mutably	seqfchk	wording
mutably	proving	seqfchk
muzjiks	patched	wrongly
muzjiks	plbroch	twanged
newburg	poldavy	schmitz
nightly	predusk	waxcomb
nymphet	orfgild	sawbuck
nymphet	orfgild	subjack
nymphic	workbag	zestful
nymphid	workbag	zestful
nymphos	redback	twigful
peckful	shortzy	windjam
peckful	shortzy	windbag
pharynx	smocked	twigful
phlegmy	unstock	waxbird
phlegms	quartzy	windock
phlegms	rubdown	tackify
phrynid	waxcomb	zestful
pygofer	schultz	windjam
pitwork	schmalz	ungyved
plumbog	seqfchk	viandry
plumbog	swarthy	zincked
pocking	stumbly	wharfed
poybird	seqfchk	tamlung
poultry	seqfchk	windjam
poultry	seqfchk	windbag
predusk	thingly	waxcomb
prigdom	seqfchk	tunably
probang	seqfchk	tumidly
proudly	seqfchk	timbang
provend	subjack	wightly
proving	stumbly	whacked
psyched	timbang	workful
pudgily	seqfchk	trowman
purfled	thwacks	viznomy
putback	shrewdy	vingolf
putdown	schmalz	verbify
putidly	rambong	seqfchk
rhyming	upfolds	wetback
rightly	spunked	waxcomb
scythed	vamping	workful
seqfchk	volunty	waxbird
seqfchk	volupty	waxbird
seqfchk	volupty	windbag
seqfchk	volupty	windjam
seqfchk	volupty	warding
seqfchk	volupty	warming
seqfchk	tabidly	upgrown
seqfchk	trompil	waybung
seqfchk	troubly	windjam
seqfchk	troubly	vamping
seqfchk	tzardom	uplying
shrewdy	tomback	upfling
thyself	updrink	waxcomb
