abductors	nymphlike
adjunctly	vespiform
adjunctly	beworship
advecting	slumpwork
advecting	buhlworks
adversity	punchbowl
afterblow	chipmunks
afterbody	chipmunks
afterglow	chipmunks
aftershock	bumpingly
aftershock	jumpingly
agromyzid	stenchful
ambrotype	ducklings
amygdules	pitchfork
amygdules	pitchwork
ampholyte	brunswick
angelfish	byproduct
atmolyzer	pinchbugs
axlesmith	prongbuck
azophenyl	drumstick
backdrops	unweighty
backdrops	flyweight
backdrops	tumefying
backdrops	unflighty
backfield	upgrowths
backfield	wrymouths
backfired	unghostly
backfired	plymouths
backfriend	plymouths
background	phyletism
backlings	outrhymed
backropes	unflighty
backshift	gunpowdery
backshift	promulged
backshift	underglow
backshift	unmovedly
backshift	jurywomen
backshift	gunpowder
backsight	unflowery
backsight	wonderful
backsight	underflow
backsight	unmovedly
backsight	jurywomen
backstrip	unmovedly
backswept	uniformly
backswept	unglorify
backswept	hydronium
backswing	furomethyl
backswing	outrhymed
backswing	hydropult
backswing	volumetry
backsword	unflighty
backsword	tumefying
backsword	jumpingly
backsword	thumpingly
badmouths	perjinkly
badmouths	jerkingly
badmouths	perkingly
badmouths	freckling
bankrupcy	eightfold
bankrupcy	dishtowel
bankrupcy	lightsome
bankrupcy	goldsmith
bankrupcy	demivolts
bankrupcy	oftwhiles
bankruptly	chiefdoms
baptizers	flunkydom
basketful	whipcordy
batfowled	murphying
batfowled	chipmunks
batfowler	chipmunks
beadworks	unflighty
beadworks	jumpingly
beadworks	thumpingly
becowards	unflighty
becowards	jumpingly
becowards	thumpingly
bedquilts	fancywork
bedquilts	kymograph
bedquilts	cymograph
bedwarfing	plymouths
befraught	spondylic
behowling	dumpcarts
beknights	mouldwarp
beladying	jumprocks
benchmark	oxysulfid
benchmark	sixtyfold
benchwork	dismayful
benzofuryl	jacksmith
berkowitz	splachnum
besmoking	plutarchy
bigmouths	landwreck
binapthyl	forjudges
byproduct	shaveling
byproduct	flankwise
byproduct	weaklings
birdwatch	skylounge
birdwatch	spongefly
birdwatch	spongeful
birdwatch	polynemus
byrlawmen	puckfoist
birthdays	uncomplex
bysmalith	unfrocked
bysmalith	downcurve
bysmalith	gunpowder
bivalency	upgrowths
bywalking	vermouths
bywalking	dustcover
bywalking	computers
bywalking	spermoduct
blackfins	outrhymed
blackfins	pterygodum
blackfish	gunpowdery
blackfish	dutymonger
blackfish	groupment
blackfish	pterygodum
blackfish	jurywomen
blackfish	gunpowder
blackgums	provident
blackgums	thyroxine
blackgums	prenotify
blackgums	endothrix
blackgums	pythonize
blackgums	hypnotize
blackgums	hypnotized
blackgums	hypnotizer
blackgums	windhover
blackings	outrhymed
blacksmith	gunpowdery
blacksmith	gunpowder
blacktops	humdinger
blackwort	physiqued
blackwort	judgeship
blockades	murphying
blockpate	grundyism
blockship	zygantrum
blockship	ungrafted
blowhards	tumefying
blowspray	judgmetic
blowspray	kvetching
bludgeons	whipcraft
bluejacks	phytiform
bluejacks	trophying
bluejacks	downright
blushwort	demagnify
blushwort	decamping
blushwort	jacknifed
blushwort	dyemaking
bodymaker	sculpting
bogsucker	nymphalid
boldfaces	murphying
bolshevik	zygantrum
boschvark	unmixedly
boschvark	duplexity
boschvark	impudently
boschvark	jumpingly
boschvark	imputedly
boschvark	duplexing
boschvark	depluming
boschvark	tumefying
boschveld	zygantrum
boschveld	upwafting
botchedly	squawking
botcherly	squawking
botrydium	flaxwench
bowmaking	crustedly
bowstring	chempaduk
bowstrung	dichelyma
boxmaking	crustedly
breakings	lymphoduct
breakwind	plymouths
brodequin	schmaltzy
bromethyl	quicksand
bromethyl	squawking
brunswick	xylophage
brunswick	methyldopa
brustling	chokedamp
bucketing	halfwords
bucketing	wordplays
bucketing	swordplay
bucketing	moldwarps
bucketman	wordishly
bucketshop	dwarfling
buckishly	parentdom
buckishly	fadmonger
buckishly	wavefront
buckishly	godparent
buckishly	powderman
buckishly	xenograft
buckishly	davenport
buckramed	townishly
buckramed	postingly
buckramed	nightfowl
buckramed	ghostlify
buckramed	snowflight
buckthorn	misplayed
buckwagon	dimethyls
buckwagon	phyletism
buckwheat	prosingly
buckwheat	provingly
buckwheat	rompingly
buckwheats	rompingly
buckwheats	provingly
budgetary	clownship
buglewort	handpicks
buhlworks	enzymatic
buhlworks	magnetify
buhlworks	demagnify
buhlworks	decamping
buhlworks	mendacity
buhlworks	tympanize
bulwarked	symphonic
bulwarked	hypnotics
bulwarked	pythonism
bulwarked	hypnotism
bulwarked	cyphonism
bumpingly	headworks
bumpingly	overwatch
bumpingly	rockshaft
bumpingly	shortcake
bumpingly	shortwave
bumpingly	thwackers
bumpingly	chordates
bumpingly	havockers
bumpingly	shockwave
bumpingly	headstock
bumpingly	shoecraft
bumpkinet	chrysazol
bumpkinet	halfwords
bumpkinly	overwatch
bumpkinly	godfather
bumpkinly	dogwatches
bumpkinly	godfathers
bumpkinly	shortwave
bumpkinly	forthgaze
bumpkinly	chordates
bumpkinly	watchdogs
bumpkinly	waterdogs
bumpkinly	gorsechat
bumpkinly	shoecraft
bumpkinly	goatherds
bundestag	chyliform
bungmaker	dysphotic
bungmaker	sixtyfold
bunkmates	whipcordy
bushcraft	dogwinkle
bushcraft	employing
bushcraft	melodying
bushcraft	polynemid
bushcraft	deploying
bushcraft	oxywelding
bushcraft	exploding
butcherly	vowmaking
cadetship	wrongfuly
calfbound	perwitsky
calfdozer	thumbkins
cambistry	gunkholed
campfight	nervously
campfight	unsoberly
campfight	xyleborus
campfight	overbulky
camphoryl	subtwined
candylike	upgrowths
capeworks	thumbling
capeworks	unflighty
carbethoxy	dumplings
chamfrons	duplexity
chapiters	flunkydom
chastizer	flunkydom
chemotaxy	springful
chemotaxy	purflings
chempaduk	frowstily
chempaduk	wringbolt
chempaduk	ringbolts
chimneypot	gulfwards
chipmunks	drawglove
chipmunks	favoredly
chipmunks	extrabold
chipmunks	goldwater
chipmunks	dayflower
chokedamp	stringful
chokingly	drawtubes
chokingly	preadjust
chokingly	drumbeats
chordates	jumpingly
cymbaline	upgrowths
cymbalist	grewhound
cymbalist	gunpowder
cymograph	unstifled
cymograph	subtwined
citywards	ploughmen
cytoplasm	edinburgh
clampdown	rejustify
clampdown	turkeyfish
clerkdoms	upwafting
clyfaking	thumbrope
clyfaking	vermouths
clubfisted	kymograph
clubhands	prozymite
clubwoman	sprighted
cobdenism	fluxgraph
coldturkey	whizbangs
comburent	gawkishly
combusted	harpingly
combwright	unsplayed
compadres	unflighty
comparted	flunkyish
complexus	fanwright
complexus	radknight
complexus	nightward
complexus	hydrating
complying	drawtubes
complying	kurbashed
complying	waterbush
comptible	junkyards
compulsed	fanwright
confluxes	dithyramb
consumedly	whipgraft
convexity	gulfwards
convulsed	whipgraft
cowardish	unkemptly
craspedum	nightfowl
cryptogam	unwhisked
crumbling	depthways
crustedly	vowmaking
cumberland	potwhisky
cupboards	flyweight
curfewing	hypoblast
curfewing	polymaths
dackering	plymouths
dayflower	thumbkins
dayflower	smutching
dayflower	pinchbugs
dayflower	mutchkins
dangerful	whipstock
dangerful	potwhisky
dawnlight	jumprocks
deathcups	workingly
deathling	jumprocks
debarking	plymouths
debatingly	jumprocks
decurving	hypoblast
decurving	polymaths
defiantly	jumprocks
definably	upgrowths
definably	jumprocks
deflating	jumprocks
demulsify	thornback
demulsify	patchwork
demulsify	gatchwork
demulsify	throwback
deploying	marshbuck
depluming	rockshaft
depluming	throwbacks
depluming	throwback
depthways	junciform
depthways	quickborn
designful	patchwork
designful	patchworky
designful	throwback
detaching	slumpwork
devouring	schmaltzy
diachylum	knowperts
dimethyls	prongbuck
disentomb	fluxgraph
dismayful	workbench
dismarket	punchbowl
dysmetria	punchbowl
dysphagic	flutework
dysphagic	flukeworm
dysphagic	flukewort
dysphagic	umbelwort
ditchbank	expulsory
ditchbank	zygosperm
ditchbank	promulges
ditchbank	profusely
ditchbank	gumflower
ditchbank	polyergus
dithyramb	spongeful
docketing	subphylar
donkeyism	fluxgraph
downbeats	pulchrify
downcurve	platyfish
downright	excusably
downshift	lumberjack
downshift	parbuckle
downshift	plumagery
downstage	pulchrify
downtimes	fluxgraph
draftsmen	hypobulic
dragonfly	quickstep
drawbench	plumosity
drawbench	glumosity
drawglove	mutchkins
drawglove	thumbkins
drawknife	plymouths
drawtubes	mockingly
driftages	punchbowl
droschken	imputably
drumbling	shockwave
drumstick	xylophage
ducklings	fameworthy
ducklings	phytomera
duckwheat	prosingly
duckwheat	provingly
duckwheat	rompingly
duckwheat	symboling
dumpishly	wavefront
dumpishly	xenograft
dumplings	overwatch
dumplings	throwback
duplexing	rockshaft
duplexing	throwbacks
duplexing	throwback
dustcover	mawkingly
embosking	plutarchy
endolymph	jackfruit
endurably	whipstock
enzymotic	fluxgraph
enzymotic	gulfwards
evadingly	jumprocks
exarchist	flunkydom
excusably	nightwork
excusably	rodknight
exploding	marshbuck
exploding	rustyback
expulsing	throwback
expulsory	thwacking
extruding	plowbacks
fadmonger	puckishly
fagopyrum	schnitzel
fagopyrum	windchest
fancywork	multipeds
fancywork	published
fancywork	judgeship
fancywork	sublighted
fancywork	uplighted
fancywork	upsighted
fancywork	guelphism
fancywork	glumpiest
fancywork	gumshield
favoredly	thumbkins
favoredly	smutching
favoredly	pinchbugs
favoredly	mutchkins
featishly	prongbuck
feldspath	quickborn
fibrocyst	galumphed
fieldwort	humpbacks
fightable	jumprocks
fishyback	underplot
fishyback	promulged
fishyback	underglow
fishyback	groupment
fishyback	gunpowder
flagstick	jurywomen
flatworks	upchimney
flatworks	impudency
flaunched	gipsywort
flaxwench	umbrosity
flaxwench	impostury
flinthead	jumprocks
flyweight	scumboard
flyweight	jumprocks
flyweight	junkboard
flyweights	junkboard
flockwise	zygantrum
flockwise	hypantrum
flowering	humpbacks
flukeworm	yachtings
flukeworm	nightcaps
flunkeyism	patchword
flunkydom	graphites
flunkydom	graveship
flunkydom	spaewright
flunkydom	patchwise
flunkydom	whitecaps
flunkydom	tzarevich
flunkydom	switchgear
flunkyish	precombat
flunkyism	overwatch
flunkyism	vectograph
flunkyism	patchword
flunkyism	peachwort
flunkyize	watchdogs
flunkyize	patchword
fluxgraph	steinbock
fluxgraph	jockeyism
fluxgraph	misconvey
fluxgraph	obscenity
folkright	unscamped
folkvangr	physiqued
foreignly	humpbacks
forjudges	lymphatic
forjudges	nymphical
forjudges	thinkably
formylate	pinchbugs
formylated	pinchbugs
frabjously	kvetching
fragments	hypobulic
freckling	oxybaphus
fringepod	schmaltzy
frogspawn	thumblike
frontways	upclimbed
frowstily	humpbacked
frumpiest	handyblow
frumpling	sowbacked
frumpling	headstock
frumpling	shockwave
fungibles	patchword
fungibles	patchwork
fungibles	patchworky
furomethyl	swingback
furomethyl	wingbacks
furzechat	goldspink
furzechat	symboling
gapeworms	unthickly
gardenful	whipstock
gardenful	potwhisky
gatchwork	liespfund
gatchwork	unmixedly
gatchwork	infusedly
gavelkind	wrymouths
gawkishly	procumbent
gawkishly	producent
ghaznevid	slumpwork
ghaznevid	jumprocks
ghostlify	underback
ghostlify	ravenduck
ghostlify	uncramped
gipsywort	unblacked
gipsywort	unchalked
gipsywort	unhackled
glidewort	humpbacks
goldfinch	pyruvates
graphicly	westbound
graveclod	thumbkins
groundway	klephtism
growthful	jacknives
growthful	pandemics
growthful	jacksnipe
growthful	mispacked
grumpiest	handyblow
grundyism	peachblow
grundyist	peachblow
grundyite	plowbacks
guildsmen	patchwork
guildsmen	patchworky
guildsmen	throwback
gulfwards	hypoxemic
gulfwards	zincotype
gulfwards	hypnoetic
gulfwards	pythonize
gulfwards	hypnotize
gulfwards	neophytic
gulfwards	mythopeic
gulfwards	impotency
gumflower	handpicks
gunkholed	sympatric
gunmetals	whipcordy
gunpowder	jacksmith
gunpowder	schmaltzy
gunpowder	mahlstick
gunpowder	yamstchik
gunpowder	hylactism
gunpowdery	jacksmith
gunpowdery	mahlstick
hayfields	prongbuck
halftimes	prongbuck
handyblow	pregustic
handyblow	quickstep
handygrip	socketful
handpicks	volumetry
handpicks	umbelwort
hangbirds	pocketful
harpingly	subjectdom
havockers	jumpingly
headstick	wrongfuly
headstock	jumpingly
headworks	jumpingly
heatingly	jumprocks
hebdomary	sculpting
hebdomary	stuckling
hydrogens	impactful
hydromels	upwafting
hydronium	sweptback
hydropult	jacknives
hydropult	wingbacks
hydropult	webmaking
hydropult	zwiebacks
hydropult	swingback
hymnodist	parbuckle
hypobaric	judgments
hypoderma	stuckling
holdbacks	perfuming
holdbacks	unpetrify
holdbacks	premutiny
holdbacks	permuting
holdbacks	purveying
holdbacks	pterygium
holdbacks	putrefying
holdbacks	tumefying
horseback	jumpingly
hubmaking	proslyted
humdinger	plowbacks
humpbacks	overlying
humpbacks	jointedly
humpbacks	reflowing
humpbacks	refolding
humpbacks	interflow
humpbacks	interfold
humpbacks	introflex
humpbacks	wrongfile
humpbacks	oxywelding
humpbacks	ivyflower
humpbacks	toweringly
humpbacks	troweling
humpbacks	longevity
humpbacks	revolting
humpbacks	overdying
humpbacks	overflying
humpbacks	overfling
humpbacks	overglint
yachtings	overplumb
yamstchik	wonderful
yamstchik	oldenburg
yamstchik	underflow
yamstchik	underglow
yardstick	ploughmen
ibuprofen	schmaltzy
impudency	lathworks
infusedly	patchwork
infusedly	throwback
jacklight	spurmoney
jacklight	pseudonym
jacknifed	plymouths
jacknifed	upgrowths
jacknifed	wrymouths
jacksmelt	probuying
jacksmith	unflowery
jacksmith	wonderful
jacksmith	oldenburg
jacksmith	underflow
jacksmith	underglow
jacksmith	wrongfuly
jambstone	pulchrify
jamestown	pulchrify
jockstrap	unmixedly
jointedly	marshbuck
judgeship	monkcraft
judgeship	workmanly
judgmatic	shelfworn
jumpingly	throwback
jumpingly	throwbacks
jumpingly	rockshaft
jumpingly	thwackers
jumpingly	waterbosh
jumpingly	overwatch
jumpingly	sowbacked
jumpingly	shockwave
jumpingly	shoecraft
jumpingly	shortcake
jumpingly	shortwave
jumpingly	showbread
jumprocks	vinylated
jumprocks	labefying
jumprocks	thiefland
junkboard	phyletism
junkerdom	staphylic
junkerdom	platyfish
junkyards	whitecomb
jurywoman	stepchild
jurywomen	pickshaft
jurywomen	klipdachs
kymograph	unstifled
kymograph	subtwined
kingbolts	pachyderm
kitchenry	plumbagos
klipdachs	moneygrub
knavishly	probudget
kvetching	swordplay
kvetching	wordplays
kvetching	moldwarps
kvetching	mouldwarp
liespfund	throwback
lymphoduct	saberwing
linotyped	marshbuck
longevity	marshbuck
mackenboy	sprightful
magistery	punchbowl
mayflower	pinchbugs
marshbuck	pointedly
marshbuck	oxywelding
matchings	overbulky
mawkingly	subcortex
mawkingly	subproject
mawkishly	producent
mawkishly	probudget
mealybugs	pitchfork
mealybugs	pitchwork
medicably	upgrowths
megawords	unthickly
metalwork	pinchbugs
myographs	untickled
misgrafted	punchbowl
misgrowth	unblacked
misgrowth	upblacken
mispacked	wrongfuly
mispacked	throngful
mispatched	wrongfuly
myxotheca	springful
myxotheca	purflings
mockingly	waterbush
mockingly	preadjust
moneygrub	pickshaft
moneygrub	whipstalk
monkcraft	published
monkcraft	physiqued
mouldwarp	sketching
mountably	wreckfish
mountably	shipwreck
mucksweat	provingly
multipeds	zygobranch
murphying	sowbacked
mustached	provingly
mustached	workingly
mutchkins	powerably
neckmould	whipgraft
nightcaps	overbulky
nightclub	pyodermas
nightclub	waveforms
nightclub	spadework
nightfowl	supremacy
nightfowl	verbascum
nymphalid	subcortex
nymphalid	tubeworks
nymphical	tubeworks
nymphlike	subfactor
nymphwise	truckload
numerably	whipstock
oldenburg	pickshaft
oldenburg	sympathic
outprying	shelfback
outrhymed	spackling
outrhymed	wingbacks
outrhymed	slingback
outrhymed	swingback
overbulky	watchings
overbulky	switchman
overplumb	watchings
overplumb	thwacking
overwatch	plumbings
oxysulfid	parchment
patchwork	unmixedly
pegboards	unthickly
pentarchy	wisdomful
perfuming	shackbolt
perjinkly	watchdogs
permutably	windshock
physiform	unblacked
physiform	untackled
phytiform	unblacked
phytiform	unslacked
phytiform	subangled
phragmoid	sejunctly
pickshaft	underglow
pickshaft	unmovedly
pinchbugs	traveldom
pitchfork	zygadenus
pitchfork	subangled
pitchfork	subendymal
pitchfork	ungambled
pitchforks	ungambled
pitchwork	zygadenus
pitchwork	subangled
pitchwork	subendymal
pitchwork	ungambled
playwright	unsmocked
playwright	subconvex
platformy	unwhisked
platformy	squinched
plymouths	windbreak
plowbacks	ungirthed
plowbacks	unrighted
plowbacks	unfreight
plowbacks	unfrighted
plowbacks	tumefying
plugboard	switchmen
plumagery	windshock
plumbagin	scythework
pocketful	whizbangs
polymaths	unbricked
potwhisky	ungarbled
potwhisky	unmarbled
potwhisky	ungambled
powdering	schmaltzy
powerably	smutching
preboding	schmaltzy
prickshot	ungambled
proctalgy	unwhisked
profusely	thwacking
promythic	subangled
prongbuck	shieldmay
puckishly	wavefront
puckishly	xenograft
pulchrify	takedowns
punchbowl	taxidermy
punchbowl	tidemarks
punchbowl	skiametry
purveying	shackbolt
quondamly	wreckfish
quondamly	shipwreck
refutably	windshock
reputably	windshock
rockshaft	unmixedly
rumbowling	sketchpad
schmaltzy	unprovide
sejunctly	zigamorph
shylocked	upwafting
shipcraft	unmovedly
shipwreck	unmovably
showjumping	veldcraft
sicklepod	zygantrum
sympathic	wonderful
sympathic	underflow
sympathic	underglow
sixtyfold	upchamber
sketchpad	uniformly
sketchpad	unglorify
sketchpad	wrongfuly
skylounge	whipcraft
slungbody	tzarevich
slungbody	watchfire
slungbody	whipcraft
slungbody	whipmaker
sowbacked	thumpingly
sowbacked	uprightly
sowbacked	unrightly
sowbacked	unflighty
spadework	thumbling
spadework	unflighty
sphygmoid	waterbuck
sphygmoid	tranceful
sprighted	unmovably
steinbuck	xylograph
stumplike	zygobranch
subconvex	whipgraft
submental	whipcordy
subtwined	xylograph
superbold	thwacking
sweptback	uniformly
sweptback	unglorify
swingback	volumetry
swordplay	umbethink
throngful	zwiebacks
throwback	unmixedly
throwback	unglimpsed
throwbacks	unmixedly
thumbling	workspace
thwackers	upfolding
thwacking	xyleborus
turkeydom	whizbangs
umbethink	wordplays
umbethink	xylocarps
unarmedly	whipstock
unblocked	whipgraft
unbravely	whipstock
unbriefly	watchdogs
undryable	whipstock
unflighty	workspace
ungambled	whipstock
ungarbled	whipstock
ungravely	whipstock
unmarbled	whipstock
unmovably	wreckfish
unmovedly	whipgraft
unmovedly	whitracks
unmovedly	whipcraft
unsmocked	whipgraft
unsticked	xylograph
unthickly	waveforms
upblacken	wordsmith
upshifted	workmanly
upsighted	workmanly
volumetry	wingbacks
volumetry	whizbangs
