abducting	[]
abduction	[]
abductors	[3390]
abjection	[]
ablutions	[]
abnormity	[]
abolished	[]
abolisher	[]
abreption	[]
abruption	[]
absconder	[]
absinthol	[]
absoluter	[]
absolvent	[]
absolving	[]
absurdity	[]
abusively	[]
abutilons	[]
acentrous	[]
acetoxyls	[]
acheilous	[]
acheirous	[]
achyrodes	[]
achronism	[]
acidulent	[]
acneiform	[]
aconitums	[]
acopyrine	[]
acoumetry	[]
acroleins	[]
acroliths	[]
actorship	[]
acuminose	[]
adelphous	[]
ademonist	[]
ademption	[]
adeniform	[]
adenocyst	[]
adfluxion	[]
adipocyte	[]
adjection	[]
adjunctly	[415, 5816]
adjusting	[]
adjustive	[]
adjutrice	[]
admixture	[]
adoringly	[]
adsorbent	[]
adsorbing	[]
adstringe	[]
advecting	[663, 4775]
advection	[]
adventism	[]
adversing	[]
adversion	[]
adversity	[4258]
adverting	[]
adviceful	[]
aepyornis	[]
aequorins	[]
aeroducts	[]
aeroliths	[]
afterblow	[874]
afterbody	[874]
afterglow	[874]
afterguns	[]
afterhold	[]
afterings	[]
afterking	[]
aftermilk	[]
aftership	[]
aftersong	[]
agentship	[]
aglycones	[]
aglyphous	[]
agnoetism	[]
agriotype	[]
agrypnode	[]
agromyzid	[4940]
aitchbone	[]
albicores	[]
albugines	[]
alchemist	[]
alchymies	[]
alcyonium	[]
alectoris	[]
alectrion	[]
alectryon	[]
aleknight	[]
alembroth	[]
alentours	[]
aleuronic	[]
algedonic	[]
algometry	[]
algorithm	[]
aliferous	[]
aligerous	[]
alispheno	[]
almonries	[]
almsgiver	[]
almuredin	[]
alongside	[]
alopecist	[]
alphonist	[]
altiscope	[]
aluminose	[]
alumstone	[]
amberfish	[]
amberoids	[]
ambiverts	[]
amblyopic	[]
ambrosine	[]
ambrotype	[1604]
ambushing	[]
ambustion	[]
amelcorns	[]
ametropic	[]
amidogens	[]
amyelonic	[]
amygdules	[3915, 3916]
amylogens	[]
amylopsin	[]
amitroles	[]
amortised	[]
amortized	[]
amortizes	[]
amounters	[]
amphibole	[]
amphiboly	[]
amphicyon	[]
amphigony	[]
amphigory	[]
amphilogy	[]
amphioxus	[]
amphitoky	[]
amphitron	[]
amphitruo	[]
amphogeny	[]
ampholyte	[636]
amplidyne	[]
amplitude	[]
amusingly	[]
amusively	[]
anchylose	[]
anchorets	[]
anchorite	[]
anchovies	[]
androcyte	[]
androcles	[]
androclus	[]
aneuploid	[]
angelfish	[442]
angelship	[]
angiocyst	[]
anglepods	[]
angleworm	[]
anguiform	[]
anguished	[]
anhydrite	[]
anhydrize	[]
anhydrous	[]
anybodies	[]
anywither	[]
ankerhold	[]
ankylosed	[]
ankylotic	[]
anoestrum	[]
anorchism	[]
anorexics	[]
antechoir	[]
anteporch	[]
antherids	[]
antheroid	[]
anthodium	[]
anthropic	[]
antiblock	[]
antichlor	[]
antidromy	[]
antiloquy	[]
antimodel	[]
antipodes	[]
antipoles	[]
antiquely	[]
antiquers	[]
antiserum	[]
antiworld	[]
antshrike	[]
anviltops	[]
anxiously	[]
aphelinus	[]
aphidozer	[]
aphorised	[]
aphorized	[]
aphorizes	[]
aphrodite	[]
aphrolite	[]
apjohnite	[]
aplectrum	[]
apneustic	[]
aposthume	[]
apothegms	[]
apronlike	[]
apulmonic	[]
archdemon	[]
archdevil	[]
archdukes	[]
archegony	[]
archelogy	[]
archfelon	[]
archfiend	[]
archidome	[]
archigony	[]
archilowe	[]
archilute	[]
archivolt	[]
arclength	[]
arenosity	[]
argentous	[]
argentums	[]
arguments	[]
arguslike	[]
arytenoid	[]
arnoldist	[]
artichoke	[]
artmobile	[]
aseptolin	[]
ashlering	[]
asymbolic	[]
asyndetic	[]
aspection	[]
asphyxied	[]
asplenium	[]
astringed	[]
astrogeny	[]
astrophel	[]
astrophil	[]
athelings	[]
athermous	[]
atmogenic	[]
atmolyzer	[3895]
atmophile	[]
atomizers	[]
atrichous	[]
atrophied	[]
atrophies	[]
atropines	[]
atroscine	[]
auctioned	[]
audiphone	[]
aughtlins	[]
augmentor	[]
aulophyte	[]
aureoling	[]
auriphone	[]
auriscope	[]
auriscopy	[]
ausformed	[]
authoring	[]
authorise	[]
authorism	[]
authorize	[]
autodynes	[]
autoecism	[]
autogenic	[]
autohemic	[]
autoindex	[]
autolysin	[]
autolyzed	[]
autolyzes	[]
autopsied	[]
autrefois	[]
aveniform	[]
avenolith	[]
avirulent	[]
avoidment	[]
avouchers	[]
avouching	[]
awestruck	[]
awunctive	[]
axiferous	[]
axlesmith	[4202]
axminster	[]
axometric	[]
azophenyl	[1601]
azorubine	[]
bachelors	[]
backdrops	[1947, 5357, 5495, 5709]
backfield	[5733, 6002]
backfired	[3968, 5510]
backfires	[]
backhouse	[]
backjoint	[]
backlings	[3578]
backropes	[5495]
backshift	[2306, 2794, 4199, 5451, 5570]
backsight	[2794, 5450, 5496, 5570, 5981]
backslide	[]
backspeir	[]
backspier	[]
backstone	[]
backstrip	[5570]
backswept	[2449, 5513, 5538]
backswing	[2451, 3578, 5865]
backsword	[2781, 5357, 5495]
bacterins	[]
bacteriol	[]
bacterium	[]
bacteroid	[]
baculites	[]
badmouths	[2065, 2752, 3814, 3815]
bailments	[]
bakership	[]
balconied	[]
balconies	[]
baldcrown	[]
baldmoney	[]
baldoquin	[]
baldricks	[]
balmonies	[]
baltimore	[]
banderlog	[]
banderols	[]
bandolier	[]
bankerdom	[]
bankrupcy	[1372, 1485, 1652, 2223, 2944, 3450]
bankrupts	[]
bapistery	[]
baptizers	[1966]
baptornis	[]
baritones	[]
barytones	[]
barkingly	[]
barklyite	[]
barkstone	[]
barleducs	[]
barleymow	[]
barmcloth	[]
barnumize	[]
baronduki	[]
baronetcy	[]
baronized	[]
baronship	[]
baroquely	[]
barouches	[]
barouchet	[]
basecourt	[]
basepoint	[]
bashmuric	[]
basketful	[5933]
basketing	[]
baskonize	[]
basophile	[]
bastioned	[]
batfowled	[874, 3305]
batfowler	[874]
batyphone	[]
baudekins	[]
baulkiest	[]
beadflush	[]
beadworks	[2781, 5495]
beamingly	[]
beamishly	[]
beardfish	[]
bearhound	[]
bearishly	[]
beastling	[]
beautydom	[]
becalming	[]
beclamors	[]
beclamour	[]
becomings	[]
becowards	[2781, 5495]
becrampon	[]
becrimson	[]
becursing	[]
bedchairs	[]
bedmaking	[]
bednights	[]
bedquilts	[936, 1847, 2813]
bedraping	[]
bedspring	[]
bedstring	[]
befouling	[]
befraught	[4882]
begarnish	[]
beglamour	[]
behaviors	[]
behaviour	[]
beholding	[]
behowling	[1612]
beknights	[3271]
beladying	[2782]
belauding	[]
beliquors	[]
belomancy	[]
bemocking	[]
benchmark	[3676, 4748]
benchwork	[1488]
benthamic	[]
benzamido	[]
beothukan	[]
bergalith	[]
bergamiol	[]
bergamots	[]
bergomask	[]
berhyming	[]
berkovtsi	[]
berkowitz	[4865]
bermudian	[]
beshaming	[]
besmoking	[3988]
bestowing	[]
betraying	[]
bevatrons	[]
beworming	[]
beworship	[41]
bewraying	[]
bewrought	[]
bezoardic	[]
biacetyls	[]
biathlons	[]
bicalvous	[]
bicentral	[]
bicornate	[]
bicornute	[]
bidactyle	[]
biflorate	[]
bifrontal	[]
bifronted	[]
bifurcate	[]
bigmouths	[2880]
bigotedly	[]
bilanders	[]
biltongue	[]
bimethyls	[]
bimonthly	[]
binapthyl	[2020]
binocular	[]
binuclear	[]
biography	[]
biovulate	[]
biphenyls	[]
byproduct	[151, 1924, 4653, 5916]
bipunctal	[]
birdcages	[]
birdhouse	[]
birdstone	[]
birdwatch	[4028, 4755, 4884, 4885]
birdwoman	[]
birdwomen	[]
byrewoman	[]
byrlawmen	[4242]
byrsonima	[]
birthdays	[5438]
birthland	[]
bisantler	[]
biscayner	[]
bishopful	[]
bishoplet	[]
bysmalith	[1556, 2306, 5504]
bismethyl	[]
bismuthal	[]
bismuthyl	[]
bystander	[]
bisulcate	[]
bisulfate	[]
bivalency	[5733]
bivalents	[]
bivaulted	[]
biventral	[]
bivouaced	[]
bivouacks	[]
bywalking	[1091, 1626, 5809]
bixaceous	[]
byzantium	[]
blackfins	[3578]
blackfire	[]
blackfish	[2273, 2306, 2794]
blackgums	[1697, 2478, 3919, 4134, 4217, 5200, 5958]
blackings	[3578]
blackouts	[]
blacktops	[2554]
blackwort	[2775, 3854]
blanchers	[]
blanketry	[]
blasphemy	[]
blastemic	[]
blatiform	[]
blazoners	[]
bleaching	[]
blechnoid	[]
bletonism	[]
blighters	[]
blindages	[]
blindfast	[]
blindworm	[]
blinkards	[]
blockader	[]
blockades	[3305]
blockages	[]
blockhead	[]
blockiest	[]
blockpate	[2281]
blockship	[5516, 6037]
blotchier	[]
blotching	[]
bloviated	[]
bloviates	[]
blowhards	[5357]
blowspray	[2778, 2838]
blowziest	[]
bludgeons	[5935]
bluecoats	[]
bluejacks	[1559, 3855, 5331]
bluejoint	[]
bluepoint	[]
blueprint	[]
blunthead	[]
blushwort	[1327, 1366, 1444, 2724]
boardings	[]
boardlike	[]
boarishly	[]
bodymaker	[4584]
bodyplate	[]
bodyshirt	[]
boglander	[]
bogsucker	[3388]
bohemians	[]
boyardism	[]
boyfriend	[]
boilerman	[]
bolderian	[]
boldfaces	[3305]
bolivares	[]
bolshevik	[6037]
boltheads	[]
boltmaker	[]
bondslave	[]
boneyards	[]
bonifaces	[]
bopyridae	[]
boracites	[]
boresight	[]
boschvark	[1389, 1620, 1621, 2610, 2781, 5357, 5565]
boschveld	[5752, 6037]
botanised	[]
botaniser	[]
botanized	[]
botanizer	[]
botanizes	[]
botchedly	[4914]
botcherly	[4914]
bothering	[]
bothriums	[]
botrydium	[1937]
boucharde	[]
boulanger	[]
boulevard	[]
bounciest	[]
boweryish	[]
bowlmaker	[]
bowmaking	[1245]
bowralite	[]
bowstring	[865]
bowstrung	[1437]
boxhauled	[]
boxmaking	[1245]
brachinus	[]
bracingly	[]
bracioles	[]
braconids	[]
brahmsite	[]
brainstem	[]
braystone	[]
branchful	[]
branchlet	[]
brankiest	[]
brasquing	[]
braunites	[]
brawliest	[]
brawlsome	[]
brawniest	[]
breachful	[]
breaching	[]
breadnuts	[]
breakdown	[]
breakings	[]
breaklist	[]
breakouts	[]
breakwind	[3968]
breastful	[]
breasting	[]
breastpin	[]
breathful	[]
breathily	[]
breathing	[]
brechtian	[]
bregmatic	[]
bryaceous	[]
bryanthus	[]
brideknot	[]
bridesman	[]
bridgeman	[]
bridgepot	[]
bridgeway	[]
bridleman	[]
brigantes	[]
brightens	[]
brimstone	[]
brimstony	[]
brythonic	[]
broaching	[]
broadling	[]
broadwife	[]
broadwise	[]
brocading	[]
brocatels	[]
brockages	[]
brodequin	[4550]
bromating	[]
bromeliad	[]
bromelins	[]
bromethyl	[4302, 4914]
brominate	[]
bronchial	[]
bronchium	[]
brontides	[]
bronziest	[]
broughams	[]
broughtas	[]
browniest	[]
browntail	[]
bruchidae	[]
brumstane	[]
brumstone	[]
brunizems	[]
brunswick	[138, 6022]
brushland	[]
brushlike	[]
brustling	[890]
brutalise	[]
brutalism	[]
brutalize	[]
brutishly	[]
buchanite	[]
bucharest	[]
buchonite	[]
buckayros	[]
bucketing	[2320, 3224, 5133, 5983]
bucketman	[5982]
buckishly	[1318, 1837, 2218, 3721, 4082, 5914, 6015]
buckplate	[]
buckramed	[2170, 3379, 4054, 5257]
buckstone	[]
bucktails	[]
buckthorn	[3197]
buckwagon	[1449, 3847]
buckwheat	[4208, 4219, 4476]
bucoliast	[]
budgetary	[1003]
bufonidae	[]
bufotalin	[]
buglewort	[2333]
buhlworks	[50, 1327, 1366, 1712, 3024, 3121, 5234]
buhrstone	[]
bulkheads	[]
bulwarked	[945, 2475, 2477, 3918, 4719]
bumpering	[]
bumpingly	[899, 2362, 2372, 2373, 3665, 4461, 4672, 4674, 4677, 4678, 5224]
bumpkinet	[907, 2320]
bumpkinly	[899, 2043, 2215, 2217, 2232, 3665, 4674, 4678, 5902, 5908]
bunchiest	[]
bundestag	[870]
bungaloid	[]
bungalows	[]
bungholes	[]
bungmaker	[1506, 4748]
bunkmates	[5933]
buoyances	[]
buprestid	[]
burdalone	[]
burgality	[]
burgensic	[]
burghemot	[]
burghmote	[]
burgonets	[]
burnished	[]
burtonize	[]
bushcraft	[1387, 1534, 1678, 1810, 3116, 4027]
busheling	[]
bushelman	[]
bushmaker	[]
bushwoman	[]
butadiyne	[]
butanolid	[]
butcherly	[5873]
butlerdom	[]
butlerism	[]
cabinetry	[]
cabrioles	[]
cabriolet	[]
cadetship	[6010]
cajeputol	[]
calderium	[]
calembour	[]
calfbound	[3823]
calfdozer	[5218]
calibogus	[]
caliburno	[]
calypters	[]
calorized	[]
calorizes	[]
calothrix	[]
calthrops	[]
calumnies	[]
calutrons	[]
cambering	[]
cambistry	[2304]
cambridge	[]
camleting	[]
camouflet	[]
campesino	[]
campfight	[3360, 3615, 5651, 6019]
campfires	[]
camphines	[]
camphires	[]
camphoryl	[5060]
campylite	[]
candylike	[5733]
candlebox	[]
canephori	[]
canephors	[]
canephroi	[]
canfields	[]
cankerous	[]
caperbush	[]
capeworks	[5220, 5495]
caphtorim	[]
capnodium	[]
capnoides	[]
caponiers	[]
caponised	[]
caponiser	[]
caponized	[]
caponizer	[]
caponizes	[]
capreolus	[]
caprifole	[]
caprylone	[]
caprioled	[]
caprioles	[]
capsuling	[]
capsulize	[]
captioned	[]
capturing	[]
carbinols	[]
carboline	[]
carbolise	[]
carbolize	[]
carbonide	[]
carbonify	[]
carbonyls	[]
carbonise	[]
carbonite	[]
carbonium	[]
carbonize	[]
carboxide	[]
carboxyls	[]
cardhouse	[]
carduelis	[]
caryotins	[]
carkingly	[]
carnosity	[]
carolines	[]
carousing	[]
carpeting	[]
carpingly	[]
carpiodes	[]
carpolite	[]
carpolith	[]
cartelism	[]
cartonful	[]
casebound	[]
casefying	[]
casketing	[]
castoreum	[]
catenoids	[]
cathepsin	[]
cathexion	[]
caudiform	[]
cauldrife	[]
cauldrons	[]
cauliform	[]
caulkings	[]
cauponize	[]
cauterism	[]
cautioned	[]
cautioner	[]
cautiones	[]
cautionry	[]
cavendish	[]
cavernous	[]
cavorting	[]
ceanothus	[]
celtiform	[]
cembalist	[]
cenotaphy	[]
cenotaphs	[]
censorial	[]
centaurid	[]
centigram	[]
centroids	[]
centumvir	[]
centurial	[]
cephalins	[]
cephalism	[]
cephaloid	[]
cephalous	[]
cerastium	[]
ceratodus	[]
ceroplast	[]
certainly	[]
certosina	[]
ceruminal	[]
chagrined	[]
chainwork	[]
chaldrons	[]
chalybite	[]
chalkiest	[]
chalutzim	[]
chamfrons	[1621]
chamoised	[]
chamoline	[]
chamosite	[]
champerty	[]
champions	[]
chandlery	[]
chandlers	[]
changeful	[]
chantries	[]
chapeling	[]
chaperons	[]
chapiters	[1966]
chargeful	[]
charybdis	[]
charioted	[]
charmedly	[]
charmwise	[]
chartings	[]
charwomen	[]
chastizer	[1966]
chasubled	[]
chauldron	[]
chaunters	[]
chelating	[]
chelation	[]
chelators	[]
cheliform	[]
chelingas	[]
chelingos	[]
chelodina	[]
chemiatry	[]
chemisorb	[]
chemistry	[]
chemotaxy	[4262, 4902]
chempaduk	[563, 2084, 4453, 6003]
cheongsam	[]
cherimoya	[]
chiefdoms	[]
childbear	[]
chyliform	[672]
chimbleys	[]
chipboard	[]
chipewyan	[]
chipmunks	[62, 63, 64, 353, 354, 1296, 1576, 1821, 1861, 2225]
chirogale	[]
chiromant	[]
chirotype	[]
chladnite	[]
chlamydes	[]
chloragen	[]
chloramin	[]
chlorates	[]
chlordane	[]
chlordans	[]
chloremia	[]
chloriamb	[]
chlorides	[]
chlorines	[]
chlorites	[]
chokedamp	[639, 4983]
chokerman	[]
chokingly	[1581, 1598, 4098]
choleuria	[]
chondrify	[]
chondrite	[]
chondrule	[]
choragium	[]
choralist	[]
chordates	[668, 670, 2781]
choriambs	[]
chortling	[]
chorusing	[]
chouanize	[]
chowtimes	[]
chrysalid	[]
chrysazin	[]
chrysazol	[669]
chrismale	[]
chrysogen	[]
chrysopal	[]
chrysopid	[]
christdom	[]
chromates	[]
chromatid	[]
chromatin	[]
chromidae	[]
chromides	[]
chromites	[]
chromized	[]
chromizes	[]
chronaxie	[]
chronique	[]
chunkiest	[]
churingas	[]
churliest	[]
churnable	[]
churnmilk	[]
cyanophil	[]
cyanosite	[]
cilantros	[]
cylinders	[]
cymbalers	[]
cymbaline	[5733]
cymbalist	[2265, 2306]
cymblings	[]
cymograph	[378, 5060, 5673]
cymophane	[]
cynareous	[]
cinderous	[]
cingulate	[]
cynophile	[]
cynosural	[]
cipherdom	[]
cyphering	[]
cyphonism	[666]
cypraeoid	[]
cypriotes	[]
cypseloid	[]
cisjurane	[]
cystamine	[]
cisternal	[]
cystidean	[]
cystiform	[]
cystogram	[]
cystoidea	[]
cytioderm	[]
citywards	[3971]
cytopenia	[]
cytoplasm	[1643]
citronade	[]
claiborne	[]
claymores	[]
claystone	[]
clamoring	[]
clamorist	[]
clamoured	[]
clampdown	[4372]
clangored	[]
clangours	[]
clarinets	[]
clarioned	[]
clarionet	[]
claritude	[]
clathroid	[]
clathrose	[]
claughted	[]
clavering	[]
claviform	[]
clearings	[]
clearwing	[]
cledonism	[]
cleithrum	[]
clepsydra	[]
clergyman	[]
clerkdoms	[5752]
clerkship	[]
clianthus	[]
clyfaking	[5222, 5809]
climature	[]
clipboard	[]
cliquedom	[]
cloakwise	[]
clodpates	[]
clogmaker	[]
closeting	[]
closewing	[]
closuring	[]
clothiers	[]
clothings	[]
cloturing	[]
cloudiest	[]
cloudship	[]
clownship	[659]
clubhands	[4222]
clubwoman	[4898]
clubwomen	[]
clumpiest	[]
clupeoids	[]
coadmires	[]
coadunite	[]
coaguline	[]
coastline	[]
coaugment	[]
coaxingly	[]
cobaltine	[]
cobdenism	[1981]
codelight	[]
codfisher	[]
coelarium	[]
coempting	[]
coevality	[]
cofighter	[]
cogitable	[]
cognately	[]
cognizers	[]
cohabited	[]
cohabiter	[]
coheading	[]
cohusband	[]
coinmaker	[]
coinmates	[]
coinsured	[]
cointreau	[]
colanders	[]
colaphize	[]
coliander	[]
coliphage	[]
colyumist	[]
colubrids	[]
colubrina	[]
colubrine	[]
columbary	[]
columbate	[]
columbeia	[]
columbiad	[]
columbian	[]
columbier	[]
columbine	[]
columbite	[]
columnate	[]
columnist	[]
columnize	[]
comatulid	[]
combaters	[]
combating	[]
combative	[]
combinate	[]
combiners	[]
comburent	[2141]
combusted	[2354]
comedians	[]
comediant	[]
comfiture	[]
compadres	[5495]
compagnie	[]
compander	[]
companied	[]
companies	[]
comparing	[]
comparted	[1967]
compendia	[]
compering	[]
competing	[]
compilers	[]
complains	[]
complaint	[]
complexus	[1849, 2432, 3385, 4315]
compliant	[]
compliers	[]
complying	[1581, 2836, 5907]
complines	[]
compluvia	[]
compriest	[]
comprisal	[]
comprised	[]
comprizal	[]
comprized	[]
comprizes	[]
comptible	[2792]
compulsed	[1849]
computers	[472]
computing	[]
comradely	[]
condylura	[]
condylure	[]
conelrads	[]
conemaugh	[]
conepatls	[]
conferval	[]
confervas	[]
confiders	[]
configure	[]
confirmed	[]
confiture	[]
conflated	[]
conflates	[]
confluxes	[1522]
confusive	[]
confuters	[]
congridae	[]
congruism	[]
congruist	[]
congruity	[]
conjugate	[]
conjugial	[]
consertal	[]
conspired	[]
constable	[]
construal	[]
construed	[]
consulage	[]
consulary	[]
consulate	[]
consulted	[]
consulter	[]
consumate	[]
contagium	[]
contrails	[]
contrived	[]
contrives	[]
contumely	[]
contusive	[]
conusable	[]
convexity	[2298]
convulsed	[5936]
coparents	[]
copyright	[]
copremias	[]
copulated	[]
copulates	[]
coquitlam	[]
coralbush	[]
corbeling	[]
corblimey	[]
cordaites	[]
cordately	[]
cordyline	[]
cordwains	[]
corydalin	[]
corydalis	[]
corinthes	[]
coryphaei	[]
cornamute	[]
cornelius	[]
cornfield	[]
cornmeals	[]
cornstalk	[]
cornuated	[]
cornulite	[]
corpulent	[]
corseting	[]
coservant	[]
coshering	[]
costander	[]
costively	[]
costumery	[]
costumier	[]
costuming	[]
costumire	[]
cothurnal	[]
cothurned	[]
cotqueans	[]
coulthard	[]
coumarins	[]
countable	[]
countably	[]
counterly	[]
countfish	[]
countries	[]
countrify	[]
countship	[]
couplings	[]
courantes	[]
courtesan	[]
courtezan	[]
courtlike	[]
courtling	[]
courtship	[]
courtside	[]
cousinage	[]
covenably	[]
coverings	[]
coverlids	[]
coverslip	[]
coverslut	[]
covibrate	[]
cowardish	[5550]
cowperian	[]
coxalgies	[]
crabsidle	[]
craftsmen	[]
crayonist	[]
crampfish	[]
crankiest	[]
crapefish	[]
crapulent	[]
craspedon	[]
craspedum	[3379]
cravingly	[]
crawliest	[]
crawlsome	[]
creambush	[]
creations	[]
credulity	[]
cremating	[]
cremation	[]
creophagy	[]
crepidoma	[]
crepidula	[]
crepitous	[]
cretinous	[]
crimsoned	[]
crimsonly	[]
cryolites	[]
cryophile	[]
cryptogam	[5712]
crispated	[]
crystaled	[]
croakiest	[]
croftland	[]
croplands	[]
crotaline	[]
crotalism	[]
croupiest	[]
croustade	[]
crowingly	[]
crownlike	[]
crudelity	[]
cruiseway	[]
crumbiest	[]
crumbling	[1395]
crumpling	[]
crusading	[]
crushable	[]
crustedly	[561, 566, 5873]
cruzadoes	[]
cteniform	[]
ctenolium	[]
cuapinole	[]
cubmaster	[]
culminate	[]
culpatory	[]
cultigens	[]
cultivars	[]
culverins	[]
cumaphyte	[]
cumbering	[]
cumbraite	[]
cundeamor	[]
cuneiform	[]
cuniforms	[]
cupboards	[1947]
cupflower	[]
cupholder	[]
cupmaking	[]
cupolaing	[]
cupolated	[]
curatives	[]
curbstone	[]
curfewing	[2480, 4023]
curlyhead	[]
cursively	[]
curtailed	[]
curtained	[]
curtilage	[]
curtsying	[]
curvation	[]
curveting	[]
cushioned	[]
cushionet	[]
cusparine	[]
cuspidate	[]
custodial	[]
custodiam	[]
custodian	[]
custodier	[]
customary	[]
customing	[]
customize	[]
cutigeral	[]
dackering	[3968]
dacryolin	[]
dactylion	[]
dactylose	[]
dactylous	[]
dayflower	[874, 3321, 3895, 4781, 5218]
daylights	[]
dainteous	[]
dayspring	[]
daltonism	[]
dambonite	[]
dameworts	[]
damnously	[]
damourite	[]
dampishly	[]
danburite	[]
daneworts	[]
dangerful	[4068, 5939]
dangerous	[]
darkliest	[]
darklings	[]
dartingly	[]
dashingly	[]
dasyurine	[]
daubingly	[]
daughters	[]
dauphines	[]
davenport	[650]
dawnlight	[2782]
dawsonite	[]
deathblow	[]
deathcups	[5987]
deathling	[2782]
deathworm	[]
debarking	[3968]
deboistly	[]
decamping	[518, 663]
decathlon	[]
decigrams	[]
decimator	[]
decimolar	[]
decipolar	[]
declaring	[]
declivous	[]
decorably	[]
decubital	[]
decupling	[]
decurions	[]
decursion	[]
decurving	[2480, 4023]
defiantly	[2782]
defiatory	[]
definably	[2782, 5733]
deflating	[2782]
deflation	[]
deflators	[]
defluxion	[]
defoaming	[]
defoliant	[]
deforcing	[]
deforming	[]
deformity	[]
defraying	[]
degarnish	[]
dehorting	[]
deinosaur	[]
deiparous	[]
deiphobus	[]
dekabrist	[]
delapsion	[]
delations	[]
delousing	[]
delphinus	[]
deltarium	[]
delthyria	[]
demagnify	[518, 663]
demarking	[]
demasting	[]
demigroat	[]
demijohns	[]
demiurgos	[]
demivolts	[324]
democrats	[]
demoniacs	[]
demoniast	[]
demonical	[]
demonship	[]
demulsify	[2135, 3751, 5206, 5217]
demulsion	[]
dentalism	[]
dentalium	[]
dentiform	[]
departing	[]
dephasing	[]
depictors	[]
depilator	[]
deploying	[688, 3068]
deploring	[]
depluming	[543, 4461, 5217]
deporting	[]
depositum	[]
depraving	[]
depravity	[]
deprivals	[]
depthways	[1241, 2783, 4301]
derivably	[]
dermalith	[]
desalting	[]
descaling	[]
descrying	[]
designful	[3751, 5217]
desirably	[]
desorbing	[]
desoxalic	[]
desultory	[]
detaching	[4775]
detouring	[]
detrusion	[]
deucalion	[]
devaluing	[]
deviatory	[]
deviators	[]
deviously	[]
devouring	[4550]
dewanship	[]
deworming	[]
dextorsal	[]
diacetyls	[]
diachylon	[]
diachylum	[2826]
diachrony	[]
dialector	[]
dialyzers	[]
dialogers	[]
dialoguer	[]
dialogues	[]
diamylose	[]
diaphones	[]
diaplexus	[]
diaporthe	[]
dyarchies	[]
diathermy	[]
diazotype	[]
dibenzoyl	[]
dicastery	[]
dicentras	[]
dichelyma	[564]
dichogamy	[]
dichromat	[]
dicophane	[]
dicotyles	[]
dictamnus	[]
dictyogen	[]
dyemaking	[518]
diestrual	[]
digestory	[]
dihalogen	[]
dilactone	[]
dimethyls	[656, 4202]
dimethoxy	[]
dynamiter	[]
dynamites	[]
dynapolis	[]
dinoceras	[]
dioestrum	[]
dyotheism	[]
diphenyls	[]
diplomacy	[]
diplomate	[]
diplomats	[]
diplonema	[]
dipterans	[]
dipterous	[]
diptychon	[]
disaltern	[]
disanchor	[]
disavouch	[]
disavower	[]
disbranch	[]
discanter	[]
discharge	[]
dyschroia	[]
disconula	[]
discouple	[]
discovery	[]
discovert	[]
discumber	[]
disembark	[]
disemploy	[]
disenamor	[]
disentomb	[1981]
disfavour	[]
dishclout	[]
dishmaker	[]
dishtowel	[324]
dishwater	[]
dislocate	[]
dismayful	[397, 5986]
dismantle	[]
dismarble	[]
dismarket	[4258]
dysmetria	[4258]
disnature	[]
dysneuria	[]
disnumber	[]
disobeyal	[]
dysorexia	[]
disparkle	[]
disperato	[]
dysphagic	[1963, 1964, 1979, 5386]
dysphemia	[]
dysphonia	[]
dysphonic	[]
dysphoria	[]
dysphoric	[]
dysphotic	[676]
displacer	[]
displayer	[]
dyspnoeal	[]
dyspnoeic	[]
disproval	[]
disproven	[]
dispurvey	[]
disthrone	[]
dystocial	[]
dystopian	[]
disulfate	[]
disweapon	[]
ditchbank	[1815, 2301, 4017, 4185, 4200, 6040]
dithalous	[]
dithecous	[]
dithyramb	[1107, 4885]
divulgate	[]
divulgers	[]
dobermans	[]
docketing	[5049]
doctrinal	[]
doctrines	[]
documents	[]
dogmatics	[]
dogmatise	[]
dogmatize	[]
dognapers	[]
dogwinkle	[688]
dominates	[]
domitable	[]
donatives	[]
donkeyish	[]
donkeyism	[1981]
dopamines	[]
dorylinae	[]
dormantly	[]
dorsiflex	[]
dorstenia	[]
dosimetry	[]
doubtance	[]
doughface	[]
doughiest	[]
doughlike	[]
doughtier	[]
doughtily	[]
douzaines	[]
dovetails	[]
dowitcher	[]
downbeats	[4246]
downcurve	[459, 3950]
downhauls	[]
downplays	[]
downright	[513, 1795]
downshare	[]
downshift	[3714, 3978]
downstage	[4246]
downstair	[]
downtimes	[1981]
draconism	[]
draftings	[]
draftsmen	[2482]
draglines	[]
dragonets	[]
dragonfly	[4303]
dragonish	[]
dragonism	[]
dragonize	[]
drakonite	[]
drawbench	[2208, 3986]
drawglove	[874, 3321, 5218]
drawknife	[3968]
drawliest	[]
drawpoint	[]
drawtongs	[]
drawtubes	[892, 1080, 3214]
dreamsily	[]
drepanium	[]
driftages	[4258]
drinkable	[]
drinkably	[]
dryopians	[]
drypoints	[]
dripstone	[]
driveboat	[]
drivebolt	[]
driveways	[]
droitsman	[]
dronishly	[]
droplight	[]
dropsical	[]
droschken	[2609]
drumbeats	[892]
drumbling	[4672]
drumliest	[]
drumstick	[283, 6022]
duarchies	[]
dubitancy	[]
ducklings	[112, 3857]
duckstone	[]
ducktails	[]
duckwheat	[4208, 4219, 4476, 4712]
dulcimers	[]
dulcimore	[]
dulcineas	[]
dulcorate	[]
dumpcarts	[389]
dumpishly	[5914, 6015]
dumplings	[3665, 5217]
duncishly	[]
dunpickle	[]
dunstable	[]
duosecant	[]
duplation	[]
duplexing	[543, 4461, 5217]
duplexity	[543, 830]
duplicate	[]
durangite	[]
durations	[]
duratives	[]
dustcover	[472, 3087]
dusterman	[]
dustwoman	[]
dwarflike	[]
dwarfling	[]
earthling	[]
eastbound	[]
ebauchoir	[]
ebriously	[]
echinomys	[]
echoingly	[]
echovirus	[]
ecphorias	[]
ecstrophy	[]
ectoplasy	[]
ectoplasm	[]
ectropium	[]
edinburgh	[959]
educating	[]
education	[]
educatory	[]
educators	[]
eductions	[]
egyptians	[]
egromancy	[]
eidograph	[]
eightfold	[324]
eightsman	[]
ejulation	[]
ejuration	[]
ekphorias	[]
elaphodus	[]
elaphrium	[]
elasticum	[]
elkhounds	[]
embarking	[]
emblazing	[]
emblazons	[]
embodying	[]
embosking	[3988]
embracing	[]
embryonal	[]
embryonic	[]
embryotic	[]
embryulci	[]
embruting	[]
emigrants	[]
emphraxis	[]
empidonax	[]
empyrical	[]
emplacing	[]
emplastic	[]
employing	[688]
emptional	[]
emulating	[]
emulation	[]
emulatory	[]
emulators	[]
emunctory	[]
encarpium	[]
enchorial	[]
encomiast	[]
encratism	[]
endaortic	[]
endoblast	[]
endocarps	[]
endogamic	[]
endolymph	[2722]
endophagy	[]
endoplasm	[]
endoplast	[]
endothrix	[478]
endurably	[5939]
englishry	[]
engraphic	[]
engraulis	[]
enhydrous	[]
entomical	[]
entopical	[]
entoplasm	[]
entrochus	[]
entropium	[]
enviously	[]
envoyship	[]
enwrought	[]
enzygotic	[]
enzymatic	[663]
enzymotic	[1981, 2298]
epanthous	[]
epharmony	[]
ephoralty	[]
epicostal	[]
epicotyls	[]
epigynous	[]
epilabrum	[]
epilatory	[]
epistylar	[]
epistolar	[]
epistomal	[]
epistroma	[]
epixylous	[]
eponymist	[]
epulation	[]
epuration	[]
equations	[]
equimodal	[]
equimolar	[]
equirotal	[]
equitably	[]
equivocal	[]
ergoplasm	[]
erianthus	[]
erithacus	[]
erugation	[]
eruptions	[]
escambron	[]
escarping	[]
escharoid	[]
escorting	[]
escribano	[]
escrowing	[]
esiphonal	[]
espringal	[]
estimably	[]
estradiol	[]
estraying	[]
ethylamin	[]
ethmoidal	[]
ethnodicy	[]
eucalypti	[]
eucalypts	[]
eucharist	[]
eucryphia	[]
eudromias	[]
eulachons	[]
eumorphic	[]
eupatorin	[]
eupatrids	[]
euphoniad	[]
euphonism	[]
euphorbia	[]
euphorias	[]
euplastic	[]
eupotamic	[]
euproctis	[]
eurythmic	[]
eurytomid	[]
eurytopic	[]
euspongia	[]
euthycomi	[]
euthyroid	[]
eutychian	[]
eutrophic	[]
euxanthic	[]
evadingly	[2782]
evocating	[]
evocatrix	[]
exactions	[]
exampling	[]
exarchist	[1966]
excalibur	[]
excambion	[]
excipular	[]
excitably	[]
excluding	[]
exclusion	[]
exclusory	[]
excursing	[]
excursion	[]
excusably	[1559, 3387, 4464]
excusator	[]
exhorting	[]
exhumator	[]
exhusband	[]
exopathic	[]
exophasic	[]
exorbital	[]
exorcista	[]
exordiums	[]
exorganic	[]
expiatory	[]
expiators	[]
expilator	[]
explicans	[]
exploding	[688, 3068, 4506]
exploring	[]
exporting	[]
expulsing	[5217]
expulsion	[]
expulsory	[1519, 5225]
exsolving	[]
exsomatic	[]
exsputory	[]
exstrophy	[]
exsuction	[]
extrabold	[874]
extraquiz	[]
extruding	[3972]
extrusion	[]
exudation	[]
exudatory	[]
exultancy	[]
facetious	[]
faciendum	[]
factories	[]
factoring	[]
factorize	[]
facultied	[]
faculties	[]
facultize	[]
facundity	[]
fadmonger	[650, 4243]
fagopyrum	[4552, 5957]
fahlunite	[]
falchions	[]
falconers	[]
falconets	[]
falcopern	[]
faldworth	[]
falsework	[]
faltering	[]
fancywork	[378, 2209, 2291, 2303, 2775, 3298, 4239, 5741, 5746]
fanlights	[]
fanwright	[1077, 1090]
farinosel	[]
farmhouse	[]
farthings	[]
fascinery	[]
fasciolet	[]
fashioned	[]
fashioner	[]
fastingly	[]
fathering	[]
fatherkin	[]
fathoming	[]
favoredly	[874, 3321, 3895, 4781, 5218]
favorites	[]
favouring	[]
favourite	[]
fearingly	[]
featishly	[4202]
featuring	[]
featurish	[]
febricant	[]
febricula	[]
fecundity	[]
feldspath	[4301]
feodality	[]
feracious	[]
festilogy	[]
feudalism	[]
feudalist	[]
feudality	[]
feudatory	[]
feulamort	[]
fiberglas	[]
fibrocyst	[2122]
fibrocyte	[]
fibrously	[]
fieldsman	[]
fieldwork	[]
fieldwort	[2555]
fightable	[2782]
figmental	[]
figulated	[]
figurable	[]
figurante	[]
figurants	[]
figuredly	[]
filaceous	[]
filaments	[]
filanders	[]
filatures	[]
filemarks	[]
filmcards	[]
filmgoers	[]
filterman	[]
finaglers	[]
fireboats	[]
fireclays	[]
firedamps	[]
firelocks	[]
fireplugs	[]
firespout	[]
firsthand	[]
fisherboy	[]
fisherman	[]
fishyback	[2273, 2306, 4199, 5451, 5466]
fishplate	[]
fishpound	[]
fishwoman	[]
flagstick	[2794]
flagstone	[]
flambeing	[]
flamboyer	[]
flamencos	[]
flameouts	[]
flamingos	[]
flankwise	[442]
flashcube	[]
flashover	[]
flashtube	[]
flatirons	[]
flatworks	[2605, 5725]
flatworms	[]
flaughter	[]
flaunched	[2180]
flaunters	[]
flauntier	[]
flavoring	[]
flavoured	[]
flaxwench	[554, 2596, 5390]
fleaworts	[]
flections	[]
fletching	[]
flycaster	[]
flichters	[]
flinchers	[]
flingdust	[]
flinthead	[2782]
flintwork	[]
flyweight	[286, 1262, 2782, 2788, 4586]
floatsmen	[]
flockiest	[]
flockings	[]
flockwise	[2467, 6037]
floriated	[]
floridans	[]
floridean	[]
florigens	[]
flouncier	[]
flounders	[]
flourishy	[]
flowchart	[]
flowering	[2555]
flowerist	[]
fluidrams	[]
flukeworm	[1500, 2564, 3377]
flukewort	[1500]
fluminose	[]
flunkydom	[327, 842, 850, 1785, 2255, 2261, 3749, 5375, 5943]
flunkyish	[1070, 4105]
flunkyism	[3665, 3750, 3767]
flunkyite	[]
flunkyize	[3750, 5902]
fluorated	[]
fluorides	[]
fluorines	[]
fluorites	[]
flushgate	[]
flustrine	[]
flustroid	[]
flutebird	[]
flutework	[1500]
fluxation	[]
fluxgraph	[1016, 1481, 1539, 1564, 1713, 2757, 3181, 3426, 4938]
foamingly	[]
focalised	[]
focalized	[]
focalizes	[]
focimetry	[]
focusable	[]
foetalism	[]
fogramite	[]
fogramity	[]
foldskirt	[]
foliature	[]
folkright	[5619]
folkvangr	[3854]
fondateur	[]
forasmuch	[]
forbidals	[]
forcingly	[]
forcipate	[]
forecabin	[]
forehands	[]
foreignly	[2555]
forelands	[]
forelimbs	[]
foremilks	[]
forenight	[]
foreplays	[]
foreshank	[]
foresight	[]
foreslack	[]
forestial	[]
forestian	[]
forestick	[]
foresting	[]
forestudy	[]
forethink	[]
forewings	[]
forgainst	[]
forjaskit	[]
forjudges	[436, 2946, 3389, 5192]
forksmith	[]
formalins	[]
formalise	[]
formalist	[]
formalith	[]
formality	[]
formalize	[]
formating	[]
formative	[]
formicate	[]
formylate	[3895]
forminate	[]
formulaic	[]
formulate	[]
formulise	[]
formulist	[]
formulize	[]
fornicate	[]
forsaking	[]
forsythia	[]
fortalice	[]
forthcame	[]
forthgaze	[670]
fortilage	[]
fortunize	[]
fostering	[]
fothering	[]
foundries	[]
fourchite	[]
foxtailed	[]
fractions	[]
fractious	[]
fragments	[2482]
frailejon	[]
framboise	[]
franchise	[]
franciums	[]
frangible	[]
frangulic	[]
franticly	[]
fratching	[]
fraughted	[]
frauleins	[]
freakouts	[]
freckling	[309, 3670]
frecklish	[]
fremontia	[]
frenchily	[]
frenchism	[]
frescoing	[]
freudians	[]
fricandel	[]
frightens	[]
fringepod	[4550]
frogspawn	[5219]
frolicked	[]
frontages	[]
frontalis	[]
frontlash	[]
frontways	[5726]
frontwise	[]
frostlike	[]
frouziest	[]
frowstily	[865]
frowziest	[]
fructosan	[]
frugalism	[]
frugalist	[]
frugality	[]
fruitages	[]
fruitcake	[]
frumpiest	[2330]
frumpling	[2372, 4672, 4829]
fruticose	[]
fulciment	[]
fulminate	[]
fumaroles	[]
fumarolic	[]
fumigants	[]
fumigated	[]
fumigates	[]
fumigator	[]
fumistery	[]
fundatrix	[]
fundraise	[]
funebrial	[]
fungibles	[3750, 3751]
fungoidal	[]
fungosity	[]
furbelows	[]
furbished	[]
furcately	[]
furcating	[]
furcation	[]
furnacite	[]
furnished	[]
furtively	[]
furzechat	[2224, 4712]
furzeling	[]
fuseboard	[]
galeiform	[]
galumphed	[1882]
gamboised	[]
gamolepis	[]
gamostely	[]
gantlopes	[]
gapeworms	[5684]
gardenful	[4068, 5939]
garefowls	[]
garnished	[]
gasholder	[]
gasoliery	[]
gasoliner	[]
gasometry	[]
gatchwork	[1378, 2654, 2933, 5565]
gatefolds	[]
gateworks	[]
gauntries	[]
gavelkind	[6002]
gavelocks	[]
gawkishly	[1059, 4174]
gazehound	[]
gearshift	[]
geckotian	[]
gelations	[]
gemutlich	[]
genicular	[]
genoblast	[]
genocidal	[]
genotypic	[]
genuclast	[]
geomantic	[]
geophilus	[]
geophytic	[]
geraniols	[]
geraniums	[]
gerfalcon	[]
germanics	[]
germanify	[]
germanish	[]
germanist	[]
germanity	[]
germanous	[]
gerontism	[]
gerundial	[]
ghastlier	[]
ghaznevid	[2782, 4775]
ghostland	[]
ghostlier	[]
ghostlify	[652, 4330, 5440, 5444]
ghostlike	[]
giltheads	[]
gymnastic	[]
gynaecium	[]
gynaecoid	[]
gynecidal	[]
gynobasic	[]
gynoecium	[]
gipsyhead	[]
gipsywort	[1932, 5398, 5415, 5522]
girandole	[]
gyrations	[]
gyrfalcon	[]
gyroplane	[]
gyrotheca	[]
gitanemuk	[]
glabreity	[]
glabriety	[]
gladsomer	[]
gladstone	[]
glaireous	[]
glamorize	[]
glamoured	[]
glamourie	[]
glaucomys	[]
glaucopis	[]
glazework	[]
glycerins	[]
glycoside	[]
glycosine	[]
glidewort	[2555]
globefish	[]
glochines	[]
gluconate	[]
glucosane	[]
glucoside	[]
glucosine	[]
glumosity	[1575]
glumpiest	[1847]
glutamine	[]
glutinose	[]
gnarliest	[]
gnostical	[]
goatbrush	[]
goatherds	[670]
goatishly	[]
godfather	[670]
godparent	[650]
goldbrick	[]
goldcrest	[]
goldfinch	[3911]
goldminer	[]
goldsmith	[324]
goldspink	[2118]
goldwater	[874]
gomphrena	[]
goniaster	[]
gonytheca	[]
gopherman	[]
gorblimey	[]
gordunite	[]
gorsechat	[670]
goshawful	[]
goslarite	[]
gourdlike	[]
gourmands	[]
governail	[]
grabouche	[]
gradients	[]
grayhound	[]
graminous	[]
gramoches	[]
grandiose	[]
granolite	[]
granolith	[]
grantedly	[]
granulite	[]
granulize	[]
granulose	[]
grapenuts	[]
grapeshot	[]
grapeskin	[]
graphemic	[]
graphicly	[5926]
graphites	[1966]
graplines	[]
graticule	[]
graveclod	[5218]
gravelish	[]
gravelous	[]
graveship	[1966]
gravitons	[]
grecophil	[]
greyhound	[]
grewhound	[934]
grievants	[]
grindable	[]
gromatics	[]
grouchily	[]
groundsel	[]
groundway	[2821]
groupable	[]
groupment	[477, 1913]
groupwise	[]
grouthead	[]
growliest	[]
growthful	[2725, 2728, 3194, 3698]
grubstake	[]
grumphies	[]
grumpiest	[2330]
grundyism	[502, 3766]
grundyist	[3766]
grundyite	[3972]
guaconize	[]
guardfish	[]
guardlike	[]
guardship	[]
guardsmen	[]
guatibero	[]
guberniya	[]
guelphism	[1847]
gueridons	[]
guidances	[]
guidepost	[]
guildsman	[]
guildsmen	[3751, 5217]
guirlande	[]
gulfwards	[1134, 1713, 2473, 2478, 2496, 2598, 3207, 3351, 3919, 6044]
gumbolike	[]
gumbotils	[]
gumflower	[1519, 2333]
gumptions	[]
gumshield	[1847]
gunkholed	[717, 4717]
gunmetals	[5933]
gunpowder	[294, 459, 477, 934, 1913, 2458, 2567, 2727, 3027, 4550]
habitudes	[]
hackingly	[]
hackliest	[]
hacqueton	[]
haemuloid	[]
hayfields	[4202]
hailstone	[]
hailstorm	[]
hairlocks	[]
hairstyle	[]
hairstone	[]
halftimes	[4202]
halftones	[]
halfwords	[648, 669]
halibuter	[]
halidomes	[]
haltering	[]
halurgist	[]
hampering	[]
hamstring	[]
hamstrung	[]
hamulites	[]
handgrips	[]
handyblow	[2092, 2280, 4118, 4303]
handygrip	[4803]
handiwork	[]
handpicks	[662, 2301, 5386, 5865]
handsomer	[]
handspike	[]
handspoke	[]
handworks	[]
handwrist	[]
handwrite	[]
handwrote	[]
hangbirds	[3992]
hangfires	[]
hangovers	[]
haplontic	[]
hardiment	[]
harlequin	[]
harmonics	[]
harmonies	[]
harmonise	[]
harmonist	[]
harmonite	[]
harmonize	[]
harpylike	[]
harpingly	[1060]
haruspice	[]
haruspicy	[]
hastiform	[]
hastilude	[]
haulmiest	[]
havelocks	[]
havioured	[]
havockers	[668, 2781]
havocking	[]
hawcubite	[]
hawknosed	[]
hazelnuts	[]
hazelwort	[]
headfirst	[]
headlocks	[]
headlongs	[]
headstick	[6010]
headstock	[668, 2093, 2781]
headworks	[668, 2781]
heartling	[]
heartsick	[]
heatdrops	[]
heatingly	[2782]
heatronic	[]
hebdomary	[4584, 4989]
hecatombs	[]
hectogram	[]
hectorian	[]
hectoring	[]
hectorism	[]
hedysarum	[]
hedonical	[]
heinously	[]
hektogram	[]
helicopts	[]
heliogram	[]
heliports	[]
hematobic	[]
hematoids	[]
hematolin	[]
hematonic	[]
hematosin	[]
hematoxic	[]
hematuric	[]
hemicrany	[]
hemigalus	[]
hemiganus	[]
hemingway	[]
hemipodan	[]
hemitropy	[]
hemoblast	[]
hemolysin	[]
hemolytic	[]
heptagons	[]
heptagrid	[]
heptanoic	[]
heralding	[]
heraldist	[]
herbalism	[]
herbalist	[]
herbosity	[]
herbwoman	[]
hercogamy	[]
heritably	[]
hermodact	[]
hesitancy	[]
hexandric	[]
hexaploid	[]
hexapodic	[]
hexastigm	[]
hexatomic	[]
hyalogens	[]
hybridous	[]
hydantoic	[]
hideously	[]
hydraemic	[]
hydramine	[]
hydrating	[1077]
hydration	[]
hydraulic	[]
hydraulis	[]
hydrazine	[]
hydrazino	[]
hydrazoic	[]
hydrazone	[]
hydrofuge	[]
hydrogels	[]
hydrogens	[2586]
hydrolant	[]
hydrolase	[]
hydrolize	[]
hydromels	[5752]
hydromica	[]
hydronaut	[]
hydronium	[301, 5123]
hydroptic	[]
hydropult	[302, 2725, 5127, 5919, 5962, 6047]
hydrosalt	[]
hydrovane	[]
hyeniform	[]
hierogamy	[]
hygrodeik	[]
hijackers	[]
hylactism	[2306]
hylobates	[]
hylobatic	[]
hymnaries	[]
hymnodies	[]
hymnodist	[3714]
hinderful	[]
hingeways	[]
hyomental	[]
hypantrum	[1951]
hyperacid	[]
hyperbola	[]
hypergols	[]
hypericum	[]
hypnobate	[]
hypnoetic	[2298]
hypnoidal	[]
hypnotics	[666]
hypnotise	[]
hypnotism	[666]
hypnotize	[478, 2298]
hypobaric	[2777]
hypoblast	[1270, 1340]
hypobulia	[]
hypobulic	[1567, 2053]
hypocaust	[]
hypocrite	[]
hypocrize	[]
hypoderma	[4989]
hypoderms	[]
hypoergic	[]
hypogaeic	[]
hypogenic	[]
hypomanic	[]
hypomeral	[]
hypotaxic	[]
hypotaxis	[]
hypoxemia	[]
hypoxemic	[2298]
hyracoids	[]
hysteriac	[]
hysteroid	[]
histogeny	[]
histogram	[]
histozyme	[]
hoactzins	[]
hoardings	[]
hoatzines	[]
hobnailed	[]
hobnailer	[]
hodiernal	[]
hogmenays	[]
hogsucker	[]
hoydenism	[]
holandric	[]
holdbacks	[3804, 3816, 4133, 4232, 4269, 5357, 5581]
holidayer	[]
holytides	[]
homebuild	[]
homecraft	[]
homelands	[]
homerical	[]
homewards	[]
honeysuck	[]
hopcalite	[]
hornbeams	[]
hornslate	[]
horntails	[]
horseback	[2781]
horsemint	[]
horsenail	[]
horseplay	[]
horsetail	[]
hortensia	[]
hortesian	[]
hospitage	[]
hosteling	[]
hotelward	[]
houndlike	[]
housecarl	[]
houseling	[]
housemaid	[]
houseward	[]
housewarm	[]
howardite	[]
howitzers	[]
hubmaking	[4209]
huckstery	[]
hudsonite	[]
humanised	[]
humaniser	[]
humanized	[]
humanizer	[]
humanizes	[]
humanlike	[]
humanoids	[]
humdinger	[481, 3972]
humpbacks	[1887, 1960, 2002, 2201, 2682, 2684, 2694, 2719, 2760, 2980, 3620, 3625, 3628, 3638, 4363, 4365, 4418, 5335, 6009]
hungarite	[]
hungriest	[]
hunkerism	[]
hurdleman	[]
husbander	[]
husbandly	[]
husbandry	[]
hustlecap	[]
yachtings	[1963, 3647]
yachtsmen	[]
yahrzeits	[]
yamstchik	[2306, 3454, 5450, 5451, 5981]
yardstick	[3971]
yarmulkes	[]
yarovized	[]
ibuprofen	[4550]
ideoglyph	[]
ideograms	[]
ideograph	[]
ideolatry	[]
idolaster	[]
idolastre	[]
idolaters	[]
yearlings	[]
ignorable	[]
ignoramus	[]
imboldens	[]
imbrangle	[]
imbrowned	[]
impacters	[]
impactful	[2442]
impactors	[]
impastoed	[]
impasture	[]
implanted	[]
implanter	[]
implodent	[]
importune	[]
imposable	[]
imposture	[]
impostury	[1937]
impotable	[]
impotency	[2298]
impounder	[]
imprecant	[]
improbate	[]
imprudent	[]
impuberal	[]
impuberty	[]
impudency	[1929, 2891]
impugners	[]
impulsory	[]
imputable	[]
imputably	[1597]
imputedly	[543]
inadeptly	[]
inbrought	[]
inceptors	[]
inchamber	[]
inchoated	[]
inchworms	[]
inclasped	[]
inclosure	[]
inclusory	[]
incomplex	[]
incorpsed	[]
incrystal	[]
incrusted	[]
incubated	[]
incubates	[]
incubator	[]
inculpate	[]
incumbers	[]
incurable	[]
incurably	[]
incurvate	[]
indecorum	[]
indomable	[]
indraught	[]
inductory	[]
inductors	[]
indulgers	[]
indurable	[]
indurates	[]
inexactly	[]
inexhaust	[]
infarcted	[]
infectors	[]
inferably	[]
inflamers	[]
inflaters	[]
inflators	[]
inflector	[]
infolders	[]
infracted	[]
infrapose	[]
infumated	[]
infuscate	[]
infusedly	[2135, 3751, 5217]
ingathers	[]
inglobate	[]
ingrafted	[]
ingrately	[]
ingrowths	[]
inhaulers	[]
injectors	[]
injurable	[]
injuredly	[]
inkholder	[]
inocarpus	[]
inoculate	[]
insculped	[]
insectary	[]
insolated	[]
inspector	[]
insulated	[]
insulator	[]
insurable	[]
inswathed	[]
integrals	[]
integraph	[]
interbody	[]
intercalm	[]
interclub	[]
intercoms	[]
interdash	[]
interflow	[2555]
interflux	[]
interfold	[2555]
interhyal	[]
interlays	[]
interlaps	[]
interlock	[]
interplay	[]
intershop	[]
intervals	[]
intrashop	[]
introduce	[]
introflex	[2555]
introsume	[]
inumbrate	[]
invocable	[]
invocated	[]
invocates	[]
involucra	[]
involucre	[]
involuted	[]
involutes	[]
inwrought	[]
yockernut	[]
youngster	[]
youthlike	[]
irksomely	[]
ironclads	[]
ironheads	[]
isobutane	[]
isocrymal	[]
isography	[]
isohyetal	[]
isopentyl	[]
isopycnal	[]
isopleura	[]
isotheral	[]
ivyflower	[2555]
jacinthes	[]
jacketing	[]
jackfruit	[1693]
jacklight	[4228, 4908]
jacknifed	[518, 3968, 5733, 6002]
jacknives	[2277, 2451]
jacksmelt	[4166]
jacksmith	[2306, 3454, 5450, 5451, 5496, 5981, 6010]
jacksnipe	[2277]
jackstone	[]
jacobsite	[]
jailhouse	[]
jalousied	[]
jalousing	[]
jambstone	[4246]
jamestown	[4246]
januslike	[]
japonizer	[]
jargonels	[]
jargonise	[]
jargonish	[]
jargonist	[]
jargonium	[]
jargonize	[]
jarovized	[]
jarovizes	[]
jasperoid	[]
jaspilyte	[]
jatrophic	[]
jaundices	[]
jelutongs	[]
jerfalcon	[]
jerkingly	[309]
jestingly	[]
jobmaster	[]
jockeying	[]
jockeyish	[]
jockeyism	[1981]
jockstrap	[5565]
jocundity	[]
jointedly	[2555, 3068]
jointured	[]
jointures	[]
jokesmith	[]
jongleurs	[]
jonvalize	[]
jordanite	[]
jouisance	[]
jounciest	[]
journaled	[]
jubilance	[]
jubilancy	[]
jubilated	[]
jubilates	[]
judaslike	[]
judgeship	[482, 1847, 3240, 5988]
judgmatic	[4656]
judgments	[2479]
judgmetic	[509]
judicable	[]
judicator	[]
jumpingly	[303, 359, 371, 543, 899, 2362, 2372, 2373, 2526, 3665, 4461, 4672, 4674, 4677, 4678, 4683, 4829, 5217, 5224, 5905]
jumprocks	[391, 1319, 1323, 1341, 1343, 1344, 1780, 1888, 1945, 1947, 2167, 2377, 2839, 5186, 5836]
junciform	[1395]
juncoides	[]
junectomy	[]
jungliest	[]
juniorate	[]
junkboard	[1947, 3847]
junkerdom	[3950, 4924]
junkerish	[]
junkerism	[]
junkyards	[1089, 5944]
jurywoman	[4943]
jurywomen	[294, 295, 477, 1917, 2822, 3876]
jutlander	[]
juxtapose	[]
kabeljous	[]
kaiserdom	[]
kalsomine	[]
kampylite	[]
karyotins	[]
kashering	[]
keyboards	[]
kephalins	[]
keratocni	[]
keratosic	[]
ketonuria	[]
kevazingo	[]
kidnapers	[]
kilobytes	[]
kilograms	[]
kilohertz	[]
kymograph	[378, 5060, 5673]
kindheart	[]
kingbolts	[3680]
kingcraft	[]
kinoplasm	[]
kitchenry	[3981]
kitmudgar	[]
klendusic	[]
klephtism	[2271]
klipdachs	[2794, 3236]
knaveship	[]
knavishly	[4165]
knitwears	[]
knowperts	[1420]
knurliest	[]
koluschan	[]
kominuter	[]
kopagmiut	[]
koshering	[]
kowagmiut	[]
kreitzman	[]
kryolites	[]
kryoliths	[]
kurbashed	[1080]
kurdistan	[]
kvetching	[509, 3224, 3271, 5133, 5983]
labefying	[2782]
labyrinth	[]
laborings	[]
laborites	[]
labouring	[]
labourism	[]
labourist	[]
labourite	[]
lacertids	[]
lacertoid	[]
lacewings	[]
laceworks	[]
lackeydom	[]
lackeying	[]
lackeyism	[]
lackering	[]
laconized	[]
laconizer	[]
lactiform	[]
lactifuge	[]
lactonize	[]
lactoside	[]
ladronism	[]
ladronize	[]
lagothrix	[]
layerings	[]
layperson	[]
lairstone	[]
lakefront	[]
lakeports	[]
lambsdown	[]
lamentory	[]
lampyrids	[]
lampyrine	[]
lampistry	[]
lanciform	[]
landforms	[]
landright	[]
landspout	[]
landstorm	[]
landsturm	[]
landwreck	[430]
langouste	[]
languedoc	[]
lapideous	[]
larcenish	[]
larcenist	[]
larcenous	[]
latchkeys	[]
latensify	[]
lathering	[]
lathyrism	[]
lathworks	[2605]
latrociny	[]
laughsome	[]
laughters	[]
laumonite	[]
launchers	[]
laundries	[]
laverocks	[]
lawgivers	[]
lawyering	[]
lawyerism	[]
lawmonger	[]
lawsonite	[]
lazybones	[]
lazurites	[]
leadworks	[]
leadworts	[]
leafworms	[]
leapfrogs	[]
lebrancho	[]
lechayims	[]
lecythoid	[]
lecturing	[]
leftwards	[]
legations	[]
legionary	[]
lemonfish	[]
lemuroids	[]
lenthways	[]
lentiform	[]
lepidotus	[]
lepothrix	[]
leprosity	[]
leptiform	[]
lestrigon	[]
lethargic	[]
lethargus	[]
levigator	[]
lichenous	[]
lickerous	[]
lycopsida	[]
lycosidae	[]
liespfund	[2135, 5217]
lifeboats	[]
lifeguard	[]
lifeworks	[]
ligaments	[]
ligatured	[]
ligatures	[]
lightface	[]
lightmans	[]
lightsman	[]
lightsmen	[]
lightsome	[324]
limaceous	[]
lymphatic	[2020]
lymphuria	[]
linaceous	[]
lincrusta	[]
linotyped	[3068]
linotyper	[]
linotypes	[]
lionheart	[]
lipectomy	[]
lyperosia	[]
lipocytes	[]
lysogenic	[]
lithanode	[]
litharges	[]
lithogeny	[]
liverydom	[]
liveryman	[]
livestock	[]
livetraps	[]
loaferish	[]
loanshift	[]
loathings	[]
locarnist	[]
locarnite	[]
locarnize	[]
locatives	[]
lockerman	[]
locksmith	[]
locusting	[]
lodgments	[]
logarithm	[]
loinguard	[]
lombardic	[]
longbeard	[]
longevity	[2555, 3068]
longhairs	[]
longheads	[]
longitude	[]
longtimer	[]
lonquhard	[]
loquacity	[]
lorandite	[]
loranthus	[]
lordswike	[]
loricated	[]
loricates	[]
loudering	[]
loudspeak	[]
louvering	[]
lovebirds	[]
lovership	[]
lubricant	[]
lubricate	[]
lucration	[]
lucrative	[]
lucretian	[]
lujavrite	[]
lumbering	[]
luminator	[]
lunchtime	[]
lungworms	[]
lungworts	[]
lunkheads	[]
lurdanism	[]
lustering	[]
lustihead	[]
lutherans	[]
lutherism	[]
luxations	[]
machinely	[]
machinery	[]
machinule	[]
macintosh	[]
mackenboy	[]
mackinboy	[]
macrolith	[]
magistery	[4258]
magnetics	[]
magnetify	[663]
magnetoid	[]
magnitude	[]
mahlstick	[2306]
maholtine	[]
mayflower	[3895]
mailboxes	[]
mailpouch	[]
mayorship	[]
maypoling	[]
majorship	[]
makership	[]
makeshift	[]
malbrouck	[]
maldonite	[]
maledicts	[]
malhonest	[]
maligners	[]
malingery	[]
malingers	[]
malthouse	[]
malturned	[]
manciples	[]
mandibles	[]
mandolute	[]
mangroves	[]
manichord	[]
manicured	[]
manicures	[]
manifesto	[]
manifolds	[]
manyplies	[]
manorship	[]
manpowers	[]
manticore	[]
maplebush	[]
marbliest	[]
marblings	[]
marigolds	[]
markdowns	[]
marketing	[]
markingly	[]
markstone	[]
marlowish	[]
marshbuck	[1387, 1810, 2760, 2950, 2980, 3997]
marshlike	[]
marteniko	[]
martiloge	[]
marveling	[]
marvelous	[]
mascouten	[]
masculine	[]
mashelton	[]
masonried	[]
masoretic	[]
masterful	[]
mastering	[]
mastigure	[]
mastopexy	[]
matchings	[3615]
matronize	[]
maulstick	[]
mavericks	[]
mawkingly	[1626, 5009]
mawkishly	[4165, 4174]
mazolytic	[]
meadowbur	[]
meadowing	[]
meadowink	[]
mealybugs	[3915, 3916]
mealywing	[]
meandrous	[]
measuring	[]
meatworks	[]
mechanist	[]
mediatory	[]
mediators	[]
medicably	[5733]
medicator	[]
mediocral	[]
megabucks	[]
megadonty	[]
megaliths	[]
megalonyx	[]
megalopic	[]
megapolis	[]
megavolts	[]
megawords	[5684]
melanoids	[]
melanotic	[]
melanuric	[]
meliorant	[]
melodying	[688]
melograph	[]
melospiza	[]
melothria	[]
meltdowns	[]
mendacity	[663]
menstrual	[]
mentorial	[]
mercaptol	[]
merchandy	[]
merchants	[]
merciably	[]
meropidan	[]
mesaxonic	[]
mesnality	[]
mesofurca	[]
mesorhiny	[]
mesoxalic	[]
mesropian	[]
mestranol	[]
metabolic	[]
metaboric	[]
metaconid	[]
metalogic	[]
metalwork	[3895]
metaphony	[]
metaphors	[]
methadons	[]
methanoic	[]
methanols	[]
methodics	[]
methronic	[]
micawbers	[]
mycorhiza	[]
microdyne	[]
microgyne	[]
micropyle	[]
microtype	[]
microwave	[]
myctodera	[]
myctophid	[]
midcourse	[]
midparent	[]
midranges	[]
midstroke	[]
myectopia	[]
myiarchus	[]
myiferous	[]
milkhouse	[]
milkstone	[]
milkwagon	[]
milkworts	[]
mylonites	[]
milzbrand	[]
myographs	[5686]
myoneural	[]
myopathic	[]
mirandous	[]
myriapods	[]
myricales	[]
myristone	[]
misatoned	[]
misaunter	[]
mischarge	[]
misconfer	[]
misconvey	[1981]
miscreant	[]
misdepart	[]
miserably	[]
misfather	[]
misgovern	[]
misground	[]
misgrowth	[5398, 5719]
mishandle	[]
mishanter	[]
misjudger	[]
mislearnt	[]
mislocate	[]
mispacked	[2277, 5216, 6010]
misparted	[]
misplaced	[]
misplayed	[655]
misquoted	[]
misquoter	[]
misreckon	[]
mystacine	[]
mysterial	[]
misthread	[]
misthrown	[]
mistraced	[]
misvalued	[]
mythopeic	[2298]
myxotheca	[4262, 4902]
myxoviral	[]
myxovirus	[]
mniaceous	[]
mobulidae	[]
mockernut	[]
mockingly	[1581, 4098, 5907]
modelings	[]
modernish	[]
modernist	[]
modernity	[]
modulates	[]
mogulship	[]
mohawkite	[]
moldavite	[]
moldering	[]
moldwarps	[648, 2838]
molesting	[]
molybdate	[]
molybdena	[]
molybdite	[]
monachist	[]
monachize	[]
monadelph	[]
monastery	[]
monazites	[]
mondayish	[]
moneybags	[]
moneygrub	[2822, 3876, 5938]
monergist	[]
monickers	[]
monilated	[]
monkcraft	[2775, 3854, 4239]
monkeyish	[]
monkishly	[]
monstrify	[]
montargis	[]
monthlies	[]
monticule	[]
moralised	[]
moralized	[]
moralizes	[]
mordacity	[]
mordantly	[]
mordicant	[]
mordicate	[]
morganite	[]
morganize	[]
morphetic	[]
morphiate	[]
morphines	[]
morphized	[]
morseling	[]
mortalize	[]
mosaicked	[]
moschatel	[]
moschidae	[]
moschinae	[]
mosquital	[]
mothering	[]
motherkin	[]
mouldiest	[]
mouldings	[]
mouldwarp	[390, 2838, 4752]
moulinage	[]
mountable	[]
mountably	[4667, 5999]
mournival	[]
mousebird	[]
mousehawk	[]
mouseling	[]
mousetail	[]
mousetrap	[]
mousingly	[]
moustache	[]
mouthable	[]
mouthlike	[]
mouthwise	[]
movieland	[]
mucilages	[]
muckerish	[]
mucksweat	[4219]
mucorales	[]
mucronate	[]
mughopine	[]
multiband	[]
multicore	[]
multidrop	[]
multihead	[]
multinode	[]
multipeds	[1847]
multivane	[]
multiword	[]
mundatory	[]
muraenids	[]
muraenoid	[]
muricated	[]
murphying	[353, 498, 532, 4829]
muscadine	[]
muscarine	[]
muscoidea	[]
muscovade	[]
muscovite	[]
muskogean	[]
musophagi	[]
mustached	[4219, 5987]
mustachio	[]
mustahfiz	[]
mustanger	[]
musteloid	[]
musterial	[]
mustering	[]
mutagenic	[]
mutchkins	[1296, 1576, 1861, 4083]
mutesarif	[]
nailbrush	[]
narcotise	[]
narcotism	[]
narcotize	[]
narghiles	[]
nargilehs	[]
naturedly	[]
naughtier	[]
naughtily	[]
nautiform	[]
navelwort	[]
navicerts	[]
nazdrowie	[]
nearsight	[]
neckguard	[]
neckmould	[5936]
necrophil	[]
nectarium	[]
nectarous	[]
nefarious	[]
negroidal	[]
negrophil	[]
neighbors	[]
neighbour	[]
nemophila	[]
nemophily	[]
neocubism	[]
neocubist	[]
neophytic	[2298]
neoplasty	[]
neotragus	[]
nephalism	[]
nephalist	[]
nephogram	[]
nephrotic	[]
nerviduct	[]
nervosity	[]
nervously	[722]
neuralgic	[]
neuralist	[]
neurocity	[]
neuroglia	[]
neuroglic	[]
neuromast	[]
neuromyic	[]
neuropath	[]
neurophil	[]
neurotics	[]
newsboard	[]
newsgroup	[]
nickelous	[]
nicodemus	[]
nyctalope	[]
nyctalops	[]
nightcaps	[1963, 3615]
nightclub	[3899, 4831, 5913]
nightfowl	[652, 1208, 5110, 5804]
nightjars	[]
nightmare	[]
nightmary	[]
nightwake	[]
nightwalk	[]
nightward	[1077]
nightwear	[]
nightwork	[1795]
nymphalid	[526, 5009, 5348]
nymphical	[2020, 5348]
nymphlike	[2, 5016]
nymphwise	[5343]
nystagmic	[]
niterbush	[]
nobeliums	[]
noctuidae	[]
normalise	[]
normalist	[]
normality	[]
normalize	[]
normative	[]
norumbega	[]
nosethirl	[]
nostalgic	[]
nostriled	[]
notarized	[]
notarizes	[]
noticable	[]
noughtily	[]
nourished	[]
nucleator	[]
nucleosid	[]
numerably	[5939]
numerical	[]
nursemaid	[]
obeliscar	[]
obfuscate	[]
obfuscity	[]
objectify	[]
objecting	[]
objurgate	[]
obligancy	[]
obligated	[]
obligates	[]
obligatum	[]
obliquate	[]
obscenity	[1981]
obscurant	[]
obscurely	[]
obscuring	[]
obscurity	[]
obsequial	[]
obsequity	[]
observant	[]
observing	[]
obsignate	[]
obstinacy	[]
obstringe	[]
obstupefy	[]
obtainers	[]
obtruding	[]
obtrusive	[]
obversant	[]
obverting	[]
octangles	[]
octupling	[]
ocularist	[]
odalisque	[]
odelsting	[]
oecanthus	[]
oftwhiles	[324]
ogreishly	[]
oystering	[]
oysterman	[]
oldenburg	[2567, 2727, 3876, 4715]
oldhamite	[]
olfactive	[]
olibanums	[]
oligarchy	[]
oligarchs	[]
olympiads	[]
olympians	[]
olynthiac	[]
oliprance	[]
olivaster	[]
oliverman	[]
ombrifuge	[]
omniarchs	[]
omnigraph	[]
omphacine	[]
omphacite	[]
onslaught	[]
operabily	[]
operantis	[]
operantly	[]
operatics	[]
operating	[]
opsimathy	[]
opthalmic	[]
opulaster	[]
orangeish	[]
orangeism	[]
orangeist	[]
orangiest	[]
orchestia	[]
orchidean	[]
ordinable	[]
ordinates	[]
organdies	[]
organised	[]
organized	[]
organizes	[]
orientals	[]
origanums	[]
orleanism	[]
orleanist	[]
orphanism	[]
orphanize	[]
orpiments	[]
ortanique	[]
ortyginae	[]
osculated	[]
osphretic	[]
ostracine	[]
ostracize	[]
otherways	[]
oubliance	[]
oughtlins	[]
outasking	[]
outbacker	[]
outbaking	[]
outbarked	[]
outbawled	[]
outblazed	[]
outblazes	[]
outbranch	[]
outbraved	[]
outbraves	[]
outbrazen	[]
outbreaks	[]
outbridge	[]
outcapers	[]
outcavils	[]
outcharms	[]
outchased	[]
outchides	[]
outclimbs	[]
outcrawls	[]
outcrying	[]
outdances	[]
outdaring	[]
outdreams	[]
outdrinks	[]
outdriven	[]
outdrives	[]
outfabled	[]
outfables	[]
outfacing	[]
outfaming	[]
outfawned	[]
outfields	[]
outflamed	[]
outflanks	[]
outflared	[]
outflying	[]
outgained	[]
outgamble	[]
outglared	[]
outglares	[]
outgnawed	[]
outyields	[]
outjinxed	[]
outjinxes	[]
outlaying	[]
outlanced	[]
outlander	[]
outlawing	[]
outlearns	[]
outlinear	[]
outlinger	[]
outlivers	[]
outpacing	[]
outparish	[]
outplayed	[]
outprayed	[]
outpraise	[]
outpreach	[]
outpriced	[]
outprices	[]
outprying	[4655]
outracing	[]
outragely	[]
outraised	[]
outrances	[]
outranged	[]
outranges	[]
outranked	[]
outraving	[]
outrhymed	[292, 302, 475, 479, 4766, 4830, 5127, 5962]
outrivals	[]
outsaying	[]
outsailed	[]
outscream	[]
outsearch	[]
outshamed	[]
outshaped	[]
outshined	[]
outshiner	[]
outshriek	[]
outsmiled	[]
outspying	[]
outsprang	[]
outspread	[]
outspring	[]
outvanish	[]
outwalked	[]
outwander	[]
outwarble	[]
outwardly	[]
outwaving	[]
outweighs	[]
outwhirls	[]
outwished	[]
outwrench	[]
ovalbumen	[]
ovalbumin	[]
ovenbirds	[]
overaptly	[]
overawful	[]
overawing	[]
overbandy	[]
overblack	[]
overblind	[]
overbuild	[]
overbuilt	[]
overbulky	[722, 3083, 3377, 5130, 5904]
overchant	[]
overclaim	[]
overclasp	[]
overclimb	[]
overdying	[2555]
overfaint	[]
overfaith	[]
overfancy	[]
overfault	[]
overfling	[2555]
overflush	[]
overgilds	[]
overglint	[2555]
overhands	[]
overhangs	[]
overhasty	[]
overhauls	[]
overhuman	[]
overhunts	[]
overlands	[]
overlaugh	[]
overlight	[]
overlying	[2555]
overlusty	[]
overmatch	[]
overnight	[]
overpaint	[]
overpitch	[]
overplain	[]
overplays	[]
overplant	[]
overplumb	[2564, 5225, 5904]
overquick	[]
oversadly	[]
oversalty	[]
oversaucy	[]
oversight	[]
overslack	[]
overslipt	[]
overspilt	[]
overstaid	[]
overstain	[]
overstand	[]
overstudy	[]
overswift	[]
overswing	[]
overthick	[]
overthink	[]
overusing	[]
overwatch	[668, 670, 1614, 1968, 2781, 3983]
overwinds	[]
oviductal	[]
ovulating	[]
ownership	[]
oxybaphus	[2065]
oxygenium	[]
oxygeusia	[]
oxyhalide	[]
oxyphiles	[]
oxypurine	[]
oxysulfid	[396, 3718]
oxytricha	[]
oxyuridae	[]
oxmanship	[]
pachyderm	[2815]
pachoulis	[]
packeting	[]
packhorse	[]
packhouse	[]
padcluoth	[]
padronism	[]
painterly	[]
paleiform	[]
palestric	[]
palinodes	[]
palmcrist	[]
palmister	[]
palmistry	[]
palmitone	[]
palsywort	[]
paltering	[]
paludrine	[]
pandemics	[2277]
panderism	[]
panderous	[]
panegyric	[]
panegyris	[]
panegoism	[]
panegoist	[]
panelwork	[]
panlogism	[]
panlogist	[]
pansylike	[]
pantheism	[]
pantihose	[]
pantyhose	[]
pantofles	[]
parboiled	[]
parbuckle	[1561, 2463]
parceling	[]
parchedly	[]
parchemin	[]
parchment	[3676]
parecious	[]
parenchym	[]
parentdom	[650]
pargyline	[]
parhelion	[]
parleying	[]
parochine	[]
parodying	[]
paroecism	[]
paronymic	[]
paroquets	[]
parsimony	[]
parsonity	[]
parsonize	[]
parthenic	[]
parthenos	[]
particled	[]
particles	[]
particule	[]
parvitude	[]
parvoline	[]
parvolins	[]
pasquiler	[]
pastedown	[]
pastoring	[]
pastorium	[]
pastorize	[]
pasturing	[]
patchouli	[]
patchouly	[]
patchwise	[1966]
patchword	[1968, 1970, 2107]
patchwork	[1378, 1401, 2107, 2296, 2654, 5565]
pathocure	[]
pathogeny	[]
pathogens	[]
pathogerm	[]
pathrusim	[]
patrimony	[]
patroclus	[]
patrolmen	[]
patronise	[]
patronize	[]
pauldrons	[]
paunchier	[]
paunchily	[]
pausingly	[]
peachblow	[2281, 2282]
peachwort	[1968]
peakishly	[]
peamouths	[]
pearlbush	[]
pearlfish	[]
pearlings	[]
pebrinous	[]
peckishly	[]
pectinous	[]
pectorals	[]
peculator	[]
peculiars	[]
pecuniary	[]
pedantics	[]
pedantism	[]
pedicular	[]
pedomancy	[]
pegboards	[5684]
pegmatoid	[]
pegomancy	[]
pelicanry	[]
pelidnota	[]
pelmanist	[]
pelobatid	[]
peltiform	[]
pelviform	[]
penlights	[]
pentagrid	[]
pentalogy	[]
pentarchy	[5965]
pentarchs	[]
penthorum	[]
pentrough	[]
penultima	[]
penumbral	[]
penumbras	[]
penwright	[]
perfuming	[2513, 4640]
perfusing	[]
perfusion	[]
periactus	[]
perianths	[]
periblast	[]
peribolus	[]
perigonal	[]
perisomal	[]
peristoma	[]
perjinkly	[309, 5902]
perkingly	[309]
permuting	[2513]
pernychia	[]
personify	[]
pertusion	[]
peruvians	[]
pervading	[]
pervasion	[]
perwitsky	[705]
petalodic	[]
petalodus	[]
petarding	[]
petiolary	[]
petralogy	[]
petricola	[]
petrobium	[]
petulancy	[]
phacolite	[]
phagocyte	[]
phantomic	[]
phantomry	[]
phareodus	[]
pharynges	[]
pharyngic	[]
pharynxes	[]
phaseolin	[]
phasitron	[]
phenakism	[]
phenolics	[]
phyciodes	[]
philabegs	[]
philander	[]
phyletism	[656, 2788]
philomuse	[]
phymatoid	[]
physalite	[]
physicked	[]
physicker	[]
physiform	[5398, 5682]
physiqued	[482, 1994, 3240]
phytiform	[513, 5001, 5398, 5645]
phytocide	[]
phytomera	[1604]
phytosaur	[]
phlyctena	[]
phlogisma	[]
phloretic	[]
phloretin	[]
pholcidae	[]
phonemics	[]
phonetics	[]
phonetism	[]
phoniatry	[]
phosgenic	[]
phragmoid	[4605]
phrynidae	[]
pibroches	[]
picadores	[]
picayunes	[]
piceworth	[]
pickleman	[]
pickshaft	[2794, 3236, 3454, 5451, 5570]
piclorams	[]
picograms	[]
pictogram	[]
picturely	[]
piedforts	[]
piedmonts	[]
pyelogram	[]
pigflower	[]
pygmalion	[]
pigmental	[]
pignorate	[]
pylangium	[]
pilchards	[]
pileworts	[]
pilotages	[]
pinaceous	[]
pinafores	[]
pinchable	[]
pinchbugs	[239, 1296, 1861, 2031, 3029, 3140, 5293]
pinchedly	[]
pinochles	[]
pintadoes	[]
pyodermas	[3378]
pyodermia	[]
pyodermic	[]
piquantly	[]
pyramides	[]
pyramidon	[]
pyrenoids	[]
pyrexical	[]
pyrgoidal	[]
pyridoxal	[]
pyrogenic	[]
pyroxenic	[]
pyruvates	[2221]
piscatory	[]
pistolade	[]
pitchable	[]
pitchfork	[119, 3093, 5001, 5507, 6035]
pitchwork	[119, 3093, 5001, 5507, 6035]
piteously	[]
pythonism	[666]
pythonize	[478, 2298]
pivotable	[]
placoderm	[]
placoides	[]
plagosity	[]
plaidoyer	[]
playdowns	[]
playerdom	[]
playgoers	[]
playhouse	[]
plaything	[]
playtimes	[]
plaitwork	[]
playwomen	[]
planchets	[]
planetoid	[]
planforms	[]
planiform	[]
planished	[]
planisher	[]
plankters	[]
plankwise	[]
planorbis	[]
plashment	[]
plasmodic	[]
plasmogen	[]
plastique	[]
plastomer	[]
platework	[]
platformy	[4918, 5712]
platforms	[]
platyfish	[1556, 2789]
platinode	[]
platinous	[]
platinums	[]
platonism	[]
platonize	[]
plauditor	[]
pleaching	[]
pleadings	[]
plectrons	[]
plectrums	[]
pleiotaxy	[]
plenarium	[]
plethoras	[]
plethoric	[]
plexiform	[]
plicature	[]
plighters	[]
plymouths	[288, 589, 1291, 1325, 1577, 2724, 5956]
ploughers	[]
ploughman	[]
ploughmen	[957, 2568]
plowbacks	[1823, 2283, 2554, 5357, 5502, 5511, 5610]
plowheads	[]
plowmaker	[]
plowshare	[]
pluckiest	[]
plugboard	[5131]
plumagery	[1561, 5960]
plumasite	[]
plumbagin	[]
plumbagos	[2818]
plumbicon	[]
plumbings	[3665]
plumicorn	[]
plumosite	[]
plumosity	[1575]
plurative	[]
plutarchy	[410, 1665]
plutonism	[]
pneumatic	[]
poachiest	[]
pocketful	[2341, 5950]
pocketing	[]
podargine	[]
poindable	[]
pointable	[]
pointedly	[3068]
pointways	[]
polarised	[]
polarized	[]
polarizes	[]
polderman	[]
poleaxing	[]
polemarch	[]
polewards	[]
polyaemic	[]
polyamide	[]
polyamine	[]
polyanthi	[]
polybasic	[]
polybrids	[]
policeman	[]
polychsia	[]
polycrase	[]
polydemic	[]
polyergic	[]
polyergus	[1519]
polygamic	[]
polygenic	[]
polyhedra	[]
polyhemia	[]
polyhemic	[]
polymaths	[1270, 1340, 5407]
polymeria	[]
polymeric	[]
polymnite	[]
polynemid	[688]
polynemus	[447]
polynesia	[]
polynesic	[]
polynices	[]
polysemia	[]
politarch	[]
polyurias	[]
polywater	[]
pomanders	[]
ponytails	[]
pontlevis	[]
porcelain	[]
porchlike	[]
portables	[]
portances	[]
porteacid	[]
portglave	[]
portugais	[]
postcenal	[]
postcibal	[]
postdural	[]
posteriad	[]
posterial	[]
postfixal	[]
postfixed	[]
postfurca	[]
postingly	[652]
postmedia	[]
postrenal	[]
postulnar	[]
posturing	[]
posturize	[]
postvelar	[]
potashery	[]
pothanger	[]
pothecary	[]
pothering	[]
potlaches	[]
potlicker	[]
potmaking	[]
potwhisky	[1308, 2128, 5507, 5508, 5559]
pouchiest	[]
pouchlike	[]
poulardes	[]
poulticed	[]
poultices	[]
poultries	[]
poundages	[]
poundcake	[]
poundlike	[]
poundmeal	[]
pouringly	[]
poutingly	[]
powdering	[4550]
powderman	[650]
powerably	[3321, 4781]
practised	[]
praiseful	[]
pranceful	[]
prankiest	[]
pranksome	[]
pratingly	[]
pratiques	[]
preachify	[]
preachily	[]
preaching	[]
preacidly	[]
preacquit	[]
preacting	[]
preaction	[]
preadjust	[892, 3214]
preadmits	[]
preadults	[]
preatomic	[]
preboding	[4550]
precation	[]
preclimax	[]
precombat	[1967]
precostal	[]
predacity	[]
predating	[]
predation	[]
predatism	[]
predicant	[]
predikant	[]
prefacing	[]
prefacist	[]
prefamous	[]
preflight	[]
preguilty	[]
pregustic	[2330]
prehumans	[]
preinsula	[]
preinsult	[]
prelation	[]
prelatish	[]
prelatism	[]
prelaunch	[]
preluding	[]
prelusion	[]
premaking	[]
premating	[]
premodify	[]
premonish	[]
premosaic	[]
premutiny	[2513]
prenotify	[478]
preobtain	[]
presaying	[]
presbytia	[]
presbytic	[]
prescutal	[]
preshadow	[]
presignal	[]
presocial	[]
presubmit	[]
presuming	[]
prevoyant	[]
prevoting	[]
priceably	[]
prickseam	[]
prickshot	[5507]
priestdom	[]
primevous	[]
princedom	[]
princoxes	[]
printable	[]
printably	[]
printmake	[]
prisonful	[]
prytaneum	[]
prytanize	[]
privately	[]
proacting	[]
proactive	[]
probating	[]
probative	[]
probudget	[2824, 3088]
probuying	[2726]
procaines	[]
procident	[]
proclaims	[]
proclimax	[]
proctalgy	[5712]
proculian	[]
prodigals	[]
producent	[2141, 3088]
producing	[]
proethnic	[]
profanely	[]
profanism	[]
profanity	[]
profanize	[]
proflated	[]
profluent	[]
profugate	[]
profundae	[]
profusely	[1519, 5225]
profusive	[]
progenity	[]
progestin	[]
prognathi	[]
prognathy	[]
prolabium	[]
prolactin	[]
prolamine	[]
prolamins	[]
prolative	[]
promazine	[]
promythic	[5001]
promnesia	[]
promulged	[294, 1913]
promulges	[1519]
pronative	[]
prongbuck	[280, 1449, 1866, 2312, 2318, 4657]
pronglike	[]
pronubial	[]
pronuclei	[]
proscenia	[]
proseucha	[]
prosingly	[657, 1607]
proslyted	[2544]
prostheca	[]
protamine	[]
protamins	[]
proteanly	[]
proudling	[]
proustian	[]
provencal	[]
provident	[478]
provinces	[]
provingly	[657, 1607, 3289, 3313]
proxemics	[]
proximate	[]
prozymite	[1004]
prudently	[]
prudishly	[]
psalmodic	[]
psarolite	[]
pseudobia	[]
pseudonym	[2723]
pseudoval	[]
psychidae	[]
pterygial	[]
pterygium	[2513]
pterygoid	[]
ptyalized	[]
ptolemaic	[]
ptomaines	[]
publicans	[]
publicate	[]
published	[1847, 3240]
publisher	[]
puckering	[]
puckfoist	[451]
puckishly	[1837, 5914, 6015]
pugnacity	[]
pulaskite	[]
pulchrify	[1555, 1562, 2734, 2735, 5145]
pulmonary	[]
pulmonate	[]
pulsating	[]
pulsation	[]
pulsative	[]
pulsatory	[]
pulverant	[]
pulvinate	[]
pumicated	[]
punchable	[]
punchayet	[]
punchbowl	[55, 1491, 1492, 1584, 3022, 4754, 5160, 5226]
punchiest	[]
punchlike	[]
purchased	[]
purflings	[864, 3208]
purgament	[]
purgation	[]
purgative	[]
puritanly	[]
purloined	[]
puromycin	[]
purveying	[2513, 4640]
pushingly	[]
putrilage	[]
quackiest	[]
quackster	[]
quagmired	[]
quagmires	[]
quaysider	[]
quakerdom	[]
quakerish	[]
quakerism	[]
quakingly	[]
qualmiest	[]
qualmyish	[]
quamoclit	[]
quantiles	[]
quantized	[]
quantizer	[]
quantizes	[]
quartiles	[]
quartinho	[]
quartzoid	[]
quartzose	[]
quaterion	[]
quatorzes	[]
quatrible	[]
quavering	[]
quebracho	[]
quercitol	[]
querimans	[]
querimony	[]
quickbeam	[]
quickborn	[1395, 1872]
quicksand	[622]
quickstep	[1570, 2330]
quinovate	[]
quirksome	[]
quitemoca	[]
quodlibet	[]
quondamly	[4667, 5999]
quotingly	[]
rachitome	[]
rachitomy	[]
racketing	[]
rackingly	[]
radectomy	[]
radknight	[1077]
rageously	[]
rainspout	[]
ramblings	[]
ramequins	[]
rampingly	[]
rampoling	[]
ranchlike	[]
randomish	[]
randomize	[]
rantipole	[]
raspingly	[]
ratiuncle	[]
raunchily	[]
ravelings	[]
ravenduck	[2170]
ravigotes	[]
reabolish	[]
reactions	[]
reavowing	[]
rebaptism	[]
rebathing	[]
reboantic	[]
recabling	[]
recaption	[]
recasting	[]
recaution	[]
recitando	[]
reclusion	[]
recoaling	[]
recognita	[]
recombing	[]
reconsult	[]
recopying	[]
recountal	[]
recouping	[]
recushion	[]
redacting	[]
redaction	[]
redisplay	[]
redocking	[]
redtapism	[]
reducibly	[]
reduction	[]
refaction	[]
refashion	[]
reflating	[]
reflation	[]
reflowing	[2555]
refluxing	[]
refolding	[2555]
refutably	[5960]
regionals	[]
regoliths	[]
rehousing	[]
reimplant	[]
reinducts	[]
rejustify	[967]
relapsing	[]
relations	[]
reloading	[]
relucting	[]
remagnify	[]
remindful	[]
remolding	[]
removably	[]
reobtains	[]
repacking	[]
repandous	[]
repasting	[]
replacing	[]
replaying	[]
replating	[]
replicant	[]
replowing	[]
repluming	[]
republica	[]
republics	[]
republish	[]
repulsing	[]
repulsion	[]
reputably	[5960]
requalify	[]
requitals	[]
requoting	[]
rescaling	[]
reshaking	[]
reshaping	[]
reshaving	[]
reshowing	[]
resignful	[]
resolving	[]
respacing	[]
respading	[]
restyling	[]
restingly	[]
resulting	[]
retinulas	[]
revaluing	[]
revamping	[]
revictual	[]
revocably	[]
revocandi	[]
revolting	[2555]
revulsant	[]
revulsion	[]
rewashing	[]
rhabdomes	[]
rhamnitol	[]
rhapontic	[]
rhapsodic	[]
rhapsodie	[]
rheingold	[]
rheotaxis	[]
rheumatic	[]
rheumatiz	[]
rhinocaul	[]
rhyolites	[]
rhyptical	[]
rhytidome	[]
rhizocaul	[]
rhizotaxy	[]
rhodaline	[]
rhodamine	[]
rhodamins	[]
rhodesian	[]
rhombenla	[]
rhombical	[]
rhopalism	[]
rhopalium	[]
rhotacism	[]
rhotacize	[]
rhumbaing	[]
rickstand	[]
rifleshot	[]
rigaudons	[]
rightable	[]
righteous	[]
ringbolts	[865]
ringdoves	[]
roamingly	[]
rockabies	[]
rockabyes	[]
rocketing	[]
rockingly	[]
rocklings	[]
rockshaft	[668, 1389, 1620, 2781, 5565]
rockslide	[]
rodential	[]
rodknight	[1795]
rogueship	[]
roguishly	[]
royalised	[]
royalized	[]
royalties	[]
rolamites	[]
romancist	[]
romanized	[]
romanizes	[]
romantics	[]
romipetal	[]
rompingly	[657, 1607]
rompishly	[]
ropesmith	[]
ropewalks	[]
roqueting	[]
rotundify	[]
roughcast	[]
roughneck	[]
roughtail	[]
rounceval	[]
rouncival	[]
roundelay	[]
roundfish	[]
roundlets	[]
roundseam	[]
roundtail	[]
roundwise	[]
rousingly	[]
routeways	[]
routinely	[]
rubiconed	[]
rudbeckia	[]
rudiments	[]
rumblings	[]
ruminated	[]
ruminates	[]
rumpliest	[]
runesmith	[]
runtishly	[]
rushingly	[]
rustyback	[1810]
saberwing	[]
safelight	[]
safetying	[]
salicetum	[]
salimetry	[]
salometry	[]
salpiform	[]
salubrify	[]
salubrity	[]
samoyedic	[]
sangfroid	[]
sanhedrim	[]
sapiently	[]
saprolite	[]
sarcoline	[]
sarcolite	[]
sarcolyte	[]
sarcoptid	[]
sargonide	[]
satyrlike	[]
saturnize	[]
savourily	[]
savouring	[]
sawtimber	[]
saxcornet	[]
scalewing	[]
scalework	[]
scalewort	[]
scalpture	[]
scambling	[]
scapiform	[]
scapolite	[]
scarflike	[]
scaringly	[]
scarphing	[]
scarpment	[]
scatheful	[]
sceptibly	[]
sceptring	[]
schedular	[]
schiavone	[]
schynbald	[]
schizaxon	[]
schmaltzy	[618, 1414, 2074, 2306, 2571, 4081, 4102, 5603]
schnauzer	[]
schnitzel	[1838]
schnorkel	[]
schnorkle	[]
schungite	[]
sciametry	[]
sciograph	[]
sciophyte	[]
scytheman	[]
scytonema	[]
scleranth	[]
sclerotia	[]
sclerotin	[]
scoleryng	[]
scombrine	[]
scoparium	[]
scopulate	[]
scopulite	[]
scorpidae	[]
scoundrel	[]
scraighed	[]
scrambled	[]
scrapling	[]
scrawling	[]
scrawnily	[]
screaking	[]
screaming	[]
scrivenly	[]
scrounged	[]
scrubland	[]
scrublike	[]
scrupling	[]
scrutable	[]
sculpting	[522, 2379]
scumbling	[]
scumboard	[1947]
scurflike	[]
scutiform	[]
scutigera	[]
searchful	[]
searching	[]
searcloth	[]
searingly	[]
searoving	[]
seaworthy	[]
secluding	[]
secondary	[]
secration	[]
sectional	[]
sectorial	[]
sectoring	[]
securitan	[]
seduction	[]
seignoral	[]
sejunctly	[3869, 6036]
selachoid	[]
seljukian	[]
semiblunt	[]
semigroup	[]
semihardy	[]
semihoral	[]
semihorny	[]
semilunar	[]
semipolar	[]
semirawly	[]
semiroyal	[]
semiround	[]
semitonal	[]
semiurban	[]
semivault	[]
semivocal	[]
semuncial	[]
senhorita	[]
senocular	[]
sephardic	[]
sephardim	[]
septarium	[]
septiform	[]
sepuchral	[]
sequacity	[]
serofluid	[]
serotinal	[]
serpuloid	[]
servantcy	[]
servation	[]
sexipolar	[]
sextulary	[]
sexuality	[]
shabunder	[]
shackbolt	[3804, 4269]
shackling	[]
shadowier	[]
shadowily	[]
shadowing	[]
shaftlike	[]
shakedown	[]
shakerdom	[]
shakingly	[]
shambling	[]
shamoying	[]
shapingly	[]
sharpling	[]
shaveling	[442]
shearling	[]
shelfback	[3569]
shelfworn	[2776]
shieldmay	[4202]
shiftable	[]
shylocked	[5752]
shinarump	[]
shinguard	[]
shipboard	[]
shipborne	[]
shipbound	[]
shipcraft	[5570]
shipowner	[]
shipwreck	[3274, 4308, 5569]
shirtband	[]
shirtmake	[]
shkupetar	[]
shockable	[]
shockwave	[668, 1599, 2093, 2781]
shoeblack	[]
shoecraft	[668, 670, 2781]
shogunate	[]
shoreland	[]
shortcake	[668, 2781]
shortwave	[668, 670, 2781]
shotmaker	[]
shovelard	[]
shoveling	[]
shovelman	[]
showbread	[2781]
showerful	[]
showering	[]
showmanly	[]
showmanry	[]
showplace	[]
shreading	[]
shrimpton	[]
shrinkage	[]
shrouding	[]
shrubland	[]
shrublike	[]
shulamite	[]
shunpiked	[]
shunpiker	[]
sickleman	[]
sicklepod	[6037]
syconidae	[]
sycophant	[]
sideronym	[]
sidetrack	[]
sightable	[]
signatory	[]
signature	[]
signboard	[]
silkwoman	[]
sylvanite	[]
sylvanize	[]
silvertop	[]
symboling	[1607, 2118]
symbolize	[]
symbranch	[]
sympathic	[3454, 5450, 5451, 5981]
sympathin	[]
sympatric	[2304]
symphonia	[]
symphonic	[666]
simpleton	[]
sympodial	[]
simulacre	[]
simulance	[]
simulated	[]
simulator	[]
syncopare	[]
syncopate	[]
syncopize	[]
syndicate	[]
syndromic	[]
sinecural	[]
synedrial	[]
synedrium	[]
singapore	[]
singlebar	[]
synodical	[]
syntropic	[]
sinuately	[]
syphering	[]
syphiloma	[]
siphonage	[]
siphonate	[]
siphonula	[]
siphuncle	[]
syringeal	[]
syrphidae	[]
syruplike	[]
sixtyfold	[396, 676, 5723]
skeltonic	[]
skeptical	[]
sketchily	[]
sketching	[3271]
sketchpad	[5513, 5538, 6010]
skiametry	[4258]
skylounge	[447, 5935]
skiograph	[]
skiophyte	[]
skraeling	[]
slaughter	[]
slaveborn	[]
slavering	[]
slavonize	[]
sleuthdog	[]
sleuthing	[]
slideknot	[]
slingback	[3578]
slipboard	[]
slipcover	[]
sloganize	[]
slopmaker	[]
slouchier	[]
slouching	[]
sloughier	[]
sluiceway	[]
slumpwork	[50, 1406, 2167]
slungbody	[5375, 5903, 5935, 5937]
smyrnaite	[]
smyrniote	[]
smithwork	[]
smutchier	[]
smutching	[1296, 1861, 4083]
snakebird	[]
snakeworm	[]
snakewort	[]
snarleyow	[]
snatchier	[]
snatchily	[]
sneckdraw	[]
snickdraw	[]
snoutfair	[]
snoutlike	[]
snowbreak	[]
snowcraft	[]
snowdrift	[]
snowfield	[]
snowflake	[]
snowmaker	[]
soakingly	[]
soaringly	[]
sobralite	[]
sobriquet	[]
societary	[]
socketful	[2331]
socketing	[]
socratize	[]
sokemanry	[]
solarized	[]
soldanrie	[]
soldering	[]
solemnify	[]
solemnity	[]
soleprint	[]
solifugae	[]
solmizate	[]
solpugida	[]
solutizer	[]
solutrean	[]
solvating	[]
something	[]
somnifuge	[]
songcraft	[]
sonicated	[]
sortilegy	[]
soundable	[]
southerly	[]
southland	[]
southward	[]
souverain	[]
sowbacked	[2093, 2781, 3305, 5495, 5611, 5744]
spackling	[3578]
spadework	[3378, 5220, 5495]
spagnuoli	[]
spanglier	[]
sparingly	[]
sparkling	[]
spartling	[]
spatheful	[]
spearmint	[]
specialty	[]
speckling	[]
spelbound	[]
speldring	[]
speluncar	[]
spermatic	[]
spermatid	[]
spermatin	[]
sphaerium	[]
sphenotic	[]
spherical	[]
sphygmoid	[5278, 5906]
sphincter	[]
sphragide	[]
spiceland	[]
spiculate	[]
spiderman	[]
spikehorn	[]
spikenard	[]
spileworm	[]
spindlage	[]
spinulate	[]
spiranthy	[]
spirodela	[]
spironema	[]
spirulate	[]
splachnum	[407]
splatcher	[]
splendour	[]
spleuchan	[]
spleughan	[]
splineway	[]
splintage	[]
splinterd	[]
splintery	[]
splitbeak	[]
splitworm	[]
splotched	[]
spoilated	[]
spoilbank	[]
spoilment	[]
spoliated	[]
spondaize	[]
spondylic	[383]
spondulix	[]
spongefly	[447]
spongeful	[447, 1522]
sporeling	[]
sportable	[]
sportance	[]
sportling	[]
sportulae	[]
sporulate	[]
spoutlike	[]
spraylike	[]
sprangled	[]
sprauchle	[]
sprawling	[]
spreading	[]
sprighted	[1005, 5569]
sprightly	[]
springald	[]
springbok	[]
springful	[864, 3208]
springled	[]
springlet	[]
sprinkled	[]
sproutage	[]
sprouting	[]
spurmoney	[2723]
squadrone	[]
squalider	[]
squaredly	[]
squatmore	[]
squawkier	[]
squawking	[550, 551, 622]
squeakily	[]
squeaking	[]
squealing	[]
squinched	[3948]
squiralty	[]
squiredom	[]
staghound	[]
staminode	[]
staminody	[]
staphylic	[2789]
starblind	[]
starchily	[]
starching	[]
starchmen	[]
staringly	[]
starvedly	[]
staunched	[]
stauncher	[]
staunchly	[]
steadying	[]
stechling	[]
steckling	[]
stegomyia	[]
steinbock	[1981]
steinbuck	[6021]
stenchful	[78]
stenopaic	[]
stepbairn	[]
stepchild	[2793]
stephanic	[]
stercolin	[]
sterculia	[]
steroidal	[]
stewardly	[]
stibophen	[]
sticheron	[]
stickable	[]
stickleaf	[]
styliform	[]
stylopize	[]
stinkdamp	[]
styphelia	[]
stipulary	[]
stockyard	[]
stockpile	[]
stomached	[]
stomacher	[]
stonebird	[]
stonedamp	[]
stoneyard	[]
storyline	[]
storkling	[]
stormable	[]
stormlike	[]
stormwind	[]
strayling	[]
strangely	[]
strangled	[]
straplike	[]
strawlike	[]
streakily	[]
streaking	[]
streamful	[]
streaming	[]
strychnia	[]
strychnol	[]
strickled	[]
stridency	[]
stringful	[890]
strobilae	[]
strongyle	[]
strophaic	[]
strouding	[]
stubornly	[]
stuckling	[2379, 2486]
studiable	[]
stumbling	[]
stumplike	[]
stumpling	[]
stupendly	[]
sturnidae	[]
subacidly	[]
subaction	[]
subagency	[]
subalpine	[]
subaltern	[]
subangled	[3855, 3915, 3916, 4197]
subatomic	[]
subcantor	[]
subcavity	[]
subcyanid	[]
subclimax	[]
subclover	[]
subconvex	[5936]
subcortex	[3087, 3388]
subdating	[]
subdeacon	[]
subdermal	[]
subdermic	[]
subdolent	[]
subeditor	[]
subfactor	[3390]
subfamily	[]
subflavor	[]
subfoliar	[]
subganoid	[]
subhalide	[]
subhedral	[]
subhyalin	[]
subinform	[]
subjacent	[]
subjoined	[]
sublating	[]
sublation	[]
sublative	[]
sublimant	[]
sublimate	[]
sublinear	[]
submarine	[]
submatrix	[]
submedial	[]
submedian	[]
submental	[5933]
submicron	[]
submotive	[]
subniveal	[]
subnormal	[]
suboctave	[]
suboctile	[]
suboptima	[]
subordain	[]
subovated	[]
subpatron	[]
subperiod	[]
subphylar	[1526]
subplinth	[]
subpoenal	[]
subrectal	[]
subregion	[]
subrepand	[]
subrictal	[]
subrident	[]
subrogate	[]
subtrench	[]
subtropic	[]
subtwined	[726, 936, 2813, 6021]
subvirate	[]
subwarden	[]
subweight	[]
subzonary	[]
suckering	[]
sucramine	[]
suctional	[]
suctorial	[]
suctorian	[]
sugarlike	[]
sulcation	[]
sulciform	[]
sulfamide	[]
sulfamine	[]
sulfating	[]
sulfation	[]
sulfatize	[]
sulfazide	[]
sulfinate	[]
sulfoacid	[]
sulfocyan	[]
sulfonate	[]
sulfoxide	[]
sulphacid	[]
sulphamic	[]
sulphamid	[]
sulphamin	[]
sulphated	[]
sulphatic	[]
sulphazid	[]
sulphonic	[]
sulphoxid	[]
sultanize	[]
sulvanite	[]
sunbathed	[]
sunbather	[]
sunflower	[]
superably	[]
superacid	[]
superavit	[]
superbity	[]
superbold	[5225]
supercity	[]
superlain	[]
superload	[]
supernova	[]
supinated	[]
supinator	[]
suprafine	[]
supremacy	[3379]
supremity	[]
surcingle	[]
surdation	[]
surfacely	[]
surfacing	[]
surgeoncy	[]
surpliced	[]
surtaxing	[]
surveying	[]
swainmote	[]
swanimote	[]
swarthily	[]
sweptback	[2449, 5513, 5538]
swindlery	[]
swingable	[]
swingably	[]
swingback	[2451, 3578, 5865]
swingboat	[]
swingeour	[]
switchman	[3615]
switchmen	[3977]
swordlike	[]
swordplay	[648, 2838, 5387]
swordtail	[]
taborines	[]
tabourine	[]
tabouring	[]
tackingly	[]
tacklings	[]
tadpolism	[]
taeniform	[]
tailbones	[]
taylorism	[]
taylorize	[]
takedowns	[4246]
talmudize	[]
talpiform	[]
tamboured	[]
tambourgi	[]
tambourin	[]
tamburone	[]
tampering	[]
tampioned	[]
tangibles	[]
tapeworms	[]
tapleyism	[]
targumize	[]
tarnished	[]
tavernous	[]
taxidermy	[4258]
teachings	[]
teamworks	[]
teardowns	[]
tearingly	[]
teasingly	[]
tediously	[]
tehsildar	[]
temporals	[]
tenacious	[]
tensorial	[]
tephrosia	[]
terminals	[]
terpinols	[]
tersulfid	[]
theandric	[]
theloncus	[]
theocrasy	[]
theomagic	[]
theomancy	[]
theorical	[]
therapsid	[]
thermical	[]
thermions	[]
thiazoles	[]
thickleaf	[]
thiefland	[2782]
thylacine	[]
thylakoid	[]
thymolize	[]
thinclads	[]
thinkable	[]
thinkably	[2020]
thiofuran	[]
thiopyran	[]
thioureas	[]
thirdsman	[]
thirlages	[]
thyroidal	[]
thyroidea	[]
thyroxine	[478]
thyroxins	[]
tholepins	[]
thomasine	[]
thomasing	[]
thondraki	[]
thornback	[1378]
thornlike	[]
thraldoms	[]
thrasonic	[]
threadfin	[]
threading	[]
threaping	[]
threnodic	[]
thrombase	[]
thrombins	[]
throngful	[3194, 6047]
throwback	[1378, 1389, 1401, 1614, 1620, 1813, 2296, 2654, 2781, 2933, 5565]
thumbkins	[706, 1296, 1576, 1861, 2258]
thumblike	[2075]
thumbling	[736, 4831, 5990]
thumbnail	[]
thumbrope	[988]
thuribles	[]
thwackers	[668, 2781, 5731]
thwacking	[1815, 3647, 4185, 5102, 6019]
tidemarks	[4258]
tylenchus	[]
tileworks	[]
timecards	[]
timenoguy	[]
timeously	[]
timeworks	[]
tympanies	[]
tympanize	[663]
tinderbox	[]
tinderous	[]
tinkerdom	[]
tinoceras	[]
typhoemia	[]
typhoidal	[]
tyramines	[]
tirewoman	[]
toadyship	[]
tochering	[]
toymaking	[]
tolerancy	[]
toluifera	[]
topazfels	[]
topmaking	[]
torchlike	[]
touchable	[]
touchline	[]
touchmark	[]
tourmalin	[]
tovarisch	[]
towelings	[]
townishly	[652]
townscape	[]
tracheids	[]
trachinus	[]
trachling	[]
tracingly	[]
trackings	[]
trackside	[]
traducing	[]
tragicose	[]
traguline	[]
traguloid	[]
trailsmen	[]
trainfuls	[]
trainshed	[]
trameling	[]
tramlines	[]
tramplike	[]
trampling	[]
trampolin	[]
trancedly	[]
tranceful	[4850]
transduce	[]
transflux	[]
transfuge	[]
transluce	[]
transmold	[]
transomed	[]
transumed	[]
trapesing	[]
trapezing	[]
trapezium	[]
trapezius	[]
trapezoid	[]
trauchled	[]
trauchles	[]
traveldom	[3895]
traveling	[]
travelogs	[]
treadling	[]
trembling	[]
trenchful	[]
triadenum	[]
trialogue	[]
triangled	[]
triangles	[]
triazoles	[]
tribesman	[]
tribonema	[]
tribunals	[]
tricephal	[]
trichogen	[]
trichomes	[]
tricksome	[]
tricosane	[]
tricuspal	[]
trifledom	[]
trifocals	[]
trigamous	[]
trigynous	[]
triglyphs	[]
trionymal	[]
trypaneid	[]
triphenyl	[]
tripylean	[]
triplanes	[]
tripsacum	[]
triumphal	[]
triumphed	[]
trochidae	[]
trochilus	[]
trochleas	[]
trophaeum	[]
trophical	[]
trophying	[513]
troubling	[]
troughway	[]
troupials	[]
troweling	[2555]
trowelman	[]
truancies	[]
truandise	[]
truckages	[]
truckings	[]
truckline	[]
truckling	[]
truckload	[3391]
trudgeons	[]
trumplike	[]
trunkfish	[]
tubaphone	[]
tubeworks	[3388, 3389]
tubicolae	[]
tubicolar	[]
tubinares	[]
tubmaking	[]
tuckahoes	[]
tuckering	[]
tularemic	[]
tumblings	[]
tumefying	[286, 303, 508, 543, 2513, 3972]
tumorlike	[]
tumplines	[]
turbinage	[]
turbinals	[]
turbofans	[]
turkeydom	[5950]
turkeyism	[]
turkishly	[]
turkophil	[]
turmaline	[]
turmoiled	[]
turnpikes	[]
turophile	[]
tuscanize	[]
twanglers	[]
twinebush	[]
twinklers	[]
tzarevich	[1966, 4776]
udometric	[]
uitlander	[]
ulatrophy	[]
ulotrichy	[]
ulsterian	[]
ulstering	[]
ulsterman	[]
ultranice	[]
ultrawise	[]
umangites	[]
umbelwort	[1500, 2333]
umbethink	[5133, 5983, 6020]
umbonated	[]
umbratile	[]
umbrosity	[1937]
umpirages	[]
unaborted	[]
unadeptly	[]
unarmedly	[5939]
unbaptize	[]
unbewitch	[]
unbigoted	[]
unblacked	[2180, 3188, 3853, 3855]
unblasted	[]
unblocked	[5936]
unboasted	[]
unboylike	[]
unbolster	[]
unboraxed	[]
unbrailed	[]
unbravely	[5939]
unbricked	[4023]
unbridles	[]
unbriefly	[5902]
unbroiled	[]
uncargoed	[]
uncaroled	[]
uncastled	[]
unchaired	[]
unchalked	[2180]
unchapter	[]
uncharged	[]
uncharges	[]
uncharily	[]
unchariot	[]
uncharity	[]
uncharmed	[]
uncharted	[]
uncheaply	[]
unchrisom	[]
unchromed	[]
unciforms	[]
uncitable	[]
unclaimed	[]
unclamped	[]
unclarity	[]
unclasped	[]
uncleship	[]
unclimbed	[]
uncloaked	[]
unclothed	[]
unclothes	[]
uncomplex	[453]
uncordial	[]
uncramped	[2170]
undecimal	[]
undelight	[]
underacts	[]
underback	[2170]
underboil	[]
undercast	[]
underchap	[]
underclay	[]
undercoat	[]
underflow	[295, 2567, 2727, 4715]
underglow	[294, 1913, 2567, 2727, 3876, 4715]
underjaws	[]
underlays	[]
underlaps	[]
underlash	[]
underlift	[]
underlips	[]
underlock	[]
underloft	[]
undermath	[]
undermist	[]
undermost	[]
underpays	[]
underpick	[]
underplay	[]
underplot	[1913]
undersail	[]
undershot	[]
underslip	[]
undersoil	[]
understay	[]
undertalk	[]
underthaw	[]
undertows	[]
undertwig	[]
underwalk	[]
underwash	[]
undisplay	[]
undivable	[]
undocible	[]
undryable	[5939]
unearthly	[]
unelastic	[]
unepochal	[]
unethical	[]
unexactly	[]
unfagoted	[]
unfairest	[]
unfalsity	[]
unfavored	[]
unfeastly	[]
unfilched	[]
unfixable	[]
unfixated	[]
unflighty	[286, 293, 303, 359, 371, 736, 1064, 4829, 4831, 5990]
unflowery	[295, 2727]
unfoisted	[]
unfolders	[]
unforaged	[]
unforbade	[]
unfragile	[]
unfreight	[3972]
unfriable	[]
unfrocked	[459]
unfrosted	[]
unfrothed	[]
ungambled	[3915, 3916, 4068, 4149, 5939]
ungarbled	[4068, 5939]
ungastric	[]
unghostly	[288]
ungirthed	[3972]
ungivable	[]
unglorify	[301, 4753, 5123]
ungodlier	[]
ungodlike	[]
ungrafted	[503]
ungraphic	[]
ungrasped	[]
ungravely	[5939]
ungreatly	[]
unhabited	[]
unhackled	[2180]
unhardily	[]
unhastily	[]
unheavily	[]
unheroism	[]
unhidable	[]
unhidably	[]
unhistory	[]
unhoisted	[]
unholiday	[]
unholiest	[]
unhopedly	[]
unhostile	[]
unidactyl	[]
uniformal	[]
uniformed	[]
uniformly	[301, 4753, 5123]
unilobate	[]
unimbowed	[]
unimposed	[]
uniphaser	[]
uniramose	[]
unisolate	[]
uniteably	[]
univerbal	[]
universal	[]
univocals	[]
unjostled	[]
unkemptly	[1197]
unlabored	[]
unlatched	[]
unlatches	[]
unlighted	[]
unlimbers	[]
unloaders	[]
unloathed	[]
unlocated	[]
unmarbled	[4068, 5939]
unmatched	[]
unmedical	[]
unmelodic	[]
unmiserly	[]
unmixable	[]
unmixedly	[543, 2135, 2758, 3751, 4461, 5217]
unmortise	[]
unmotived	[]
unmovable	[]
unmovably	[4667, 4898, 5999]
unmovedly	[294, 295, 300, 3876, 4665, 5935, 5936, 5949]
unobliged	[]
unopiated	[]
unorbital	[]
unpackers	[]
unpalsied	[]
unparched	[]
unparoled	[]
unpatched	[]
unpelagic	[]
unpermits	[]
unpetrify	[2513]
unphrased	[]
unpickled	[]
unpiloted	[]
unpirated	[]
unpitched	[]
unplaited	[]
unplashed	[]
unplaster	[]
unplastic	[]
unpoached	[]
unpolemic	[]
unpoliced	[]
unpotable	[]
unpraised	[]
unpredict	[]
unpricked	[]
unprickly	[]
unprivate	[]
unprobity	[]
unpromise	[]
unprosaic	[]
unprovide	[4550]
unreadily	[]
unrealism	[]
unrealist	[]
unreality	[]
unridable	[]
unridably	[]
unrighted	[3972]
unrightly	[4829]
unrimpled	[]
unrivaled	[]
unroasted	[]
unsampled	[]
unsatedly	[]
unsavored	[]
unsavorly	[]
unscamped	[1993]
unscarfed	[]
unscarved	[]
unscathed	[]
unscholar	[]
unscraped	[]
unscribal	[]
unscribed	[]
unshackle	[]
unshadily	[]
unshafted	[]
unshapely	[]
unsharped	[]
unsharply	[]
unshifted	[]
unshirked	[]
unshirted	[]
unshocked	[]
unshowily	[]
unshrived	[]
unsickled	[]
unsighted	[]
unsightly	[]
unsizable	[]
unskaithd	[]
unskirted	[]
unslacked	[3855]
unslicked	[]
unsmacked	[]
unsmartly	[]
unsmocked	[5936]
unsmokily	[]
unsoberly	[722]
unsolaced	[]
unsoldier	[]
unsomatic	[]
unsparked	[]
unspiable	[]
unsplayed	[]
unspliced	[]
unspoiled	[]
unsported	[]
unsprayed	[]
unstabled	[]
unstabler	[]
unstacked	[]
unstacker	[]
unstagily	[]
unstaidly	[]
unstalked	[]
unstamped	[]
unstapled	[]
unstarved	[]
unsticked	[6021]
unstifled	[936, 2813]
unstocked	[]
unstoical	[]
unstoried	[]
unstormed	[]
unstrafed	[]
unstriped	[]
unstroked	[]
unswathed	[]
untackled	[3853]
untamedly	[]
unthickly	[2127, 3111, 3784, 5913]
unthreads	[]
untickled	[3170]
untypical	[]
untirable	[]
untiredly	[]
untracked	[]
untrailed	[]
untramped	[]
untrashed	[]
untriable	[]
untricked	[]
untwirled	[]
unviolate	[]
unvisored	[]
unvistaed	[]
unvizored	[]
unvocable	[]
unvomited	[]
unwarbled	[]
unwariest	[]
unwarlike	[]
unwatched	[]
unwealthy	[]
unwearily	[]
unweighty	[286]
unweights	[]
unwhirled	[]
unwhisked	[1226, 3948, 4171]
unwirable	[]
unwitched	[]
unwordily	[]
unworship	[]
uparching	[]
upbearing	[]
upblacken	[3188, 5984]
upbolster	[]
upbristle	[]
upcasting	[]
upchamber	[4748]
upchariot	[]
upchimney	[1929]
upclimbed	[2080]
upclimber	[]
updarting	[]
upflicker	[]
upflowing	[]
upfolding	[5224]
upgathers	[]
upgrowths	[287, 466, 728, 933, 1343, 2724, 3101]
upheaving	[]
upholders	[]
upholding	[]
upholster	[]
uplanders	[]
uplandish	[]
uplifters	[]
uplighted	[1847]
uploading	[]
uprighted	[]
uprightly	[4829]
upshifted	[5988]
upsighted	[1847, 5988]
upsoaring	[]
upstander	[]
upstaring	[]
uptearing	[]
uptowners	[]
upwafting	[544, 985, 2446, 4659]
uranolite	[]
urbanised	[]
urbanites	[]
urbanized	[]
urbanizes	[]
urbicolae	[]
urceolina	[]
urethylan	[]
urokinase	[]
uromastix	[]
urophaein	[]
urophanic	[]
uropygial	[]
uroseptic	[]
urostegal	[]
urticales	[]
uspeaking	[]
vainglory	[]
valkyries	[]
valorised	[]
valorized	[]
valorizes	[]
vaporings	[]
vaporised	[]
vaporized	[]
vaporizes	[]
vaporlike	[]
vapouring	[]
vapourise	[]
vapourish	[]
vapourize	[]
varicosed	[]
variously	[]
varityped	[]
varnished	[]
vasectomy	[]
vasotribe	[]
vaultings	[]
vectorial	[]
vectoring	[]
vedantism	[]
vehicular	[]
velchanos	[]
veldcraft	[]
veldtsman	[]
velociman	[]
venushair	[]
veracious	[]
verbalism	[]
verbalist	[]
verbality	[]
verbascum	[3379]
verbosity	[]
verdantly	[]
veritably	[]
verminous	[]
vermouths	[472, 988]
vernality	[]
veronicas	[]
versation	[]
versional	[]
verticals	[]
vesicular	[]
vespiform	[41]
vestibula	[]
vestrical	[]
vestrydom	[]
vestryman	[]
vesturing	[]
vetchling	[]
vexations	[]
vexatious	[]
vibrances	[]
vibrantly	[]
viceroyal	[]
victualed	[]
victualer	[]
victualry	[]
videocast	[]
vinaceous	[]
vinculate	[]
vineyards	[]
vinestalk	[]
vinylated	[2782]
vintagers	[]
violaters	[]
violature	[]
violmaker	[]
virgulate	[]
virulency	[]
viscontal	[]
viscounty	[]
vitaceous	[]
vitaphone	[]
vitascope	[]
vocalised	[]
vocalized	[]
vocalizer	[]
vocalizes	[]
voyageurs	[]
voiceband	[]
voidances	[]
voyeurism	[]
volapuker	[]
volcanism	[]
volcanist	[]
volcanite	[]
volcanity	[]
volcanize	[]
volhynite	[]
voltigeur	[]
volucrine	[]
volumetry	[302, 2333, 5127, 5950, 5962]
voluntary	[]
voluptary	[]
volutidae	[]
vomitable	[]
vouchable	[]
vouchment	[]
vouchsafe	[]
vowmaking	[695, 1245]
vulcanise	[]
vulcanism	[]
vulcanist	[]
vulcanite	[]
vulcanize	[]
vulgarest	[]
vulgarise	[]
vulgarish	[]
vulgarism	[]
vulgarist	[]
vulgarity	[]
vulgarize	[]
vulpanser	[]
wagnerism	[]
wagnerist	[]
waiterdom	[]
wakerobin	[]
walkyries	[]
walkovers	[]
walpurgis	[]
wambliest	[]
wampished	[]
wandought	[]
warmhouse	[]
warmouths	[]
warstling	[]
wasterful	[]
wastingly	[]
watchdogs	[670, 1970, 3814, 5409]
watchfire	[4776]
watchings	[3615, 3647]
waterbosh	[2781]
waterbuck	[4850]
waterbush	[1080, 3214]
waterdogs	[670]
waterings	[]
waterlogs	[]
waterskin	[]
wauchting	[]
waveforms	[3378, 5684]
wavefront	[650, 1613, 4243]
weakishly	[]
weaklings	[442]
wearingly	[]
wearishly	[]
webmaking	[2451]
weighbauk	[]
weighlock	[]
welcoming	[]
welfaring	[]
welfarism	[]
welfarist	[]
westbound	[2254]
whackiest	[]
whalebird	[]
wharfside	[]
wheatbird	[]
whimbrels	[]
whimstone	[]
whipcordy	[348, 677, 2305, 5037]
whipcords	[]
whipcraft	[511, 4755, 4776, 5570]
whipgraft	[1135, 3338, 5008, 5400, 5570, 5649]
whipmaker	[4776]
whipstalk	[3236]
whipstock	[1308, 1698, 2128, 3412, 5394, 5406, 5481, 5507, 5508, 5519, 5559]
whirlbone	[]
whiteback	[]
whitebark	[]
whitecaps	[1966]
whitecomb	[2792]
whitecorn	[]
whitedamp	[]
whiterump	[]
whitesark	[]
whitracks	[5570]
whizbangs	[3992, 5363, 5865]
whodunits	[]
wigmakers	[]
wildgrave	[]
wyliecoat	[]
windblast	[]
windbreak	[3968]
windchest	[1838]
windhover	[478]
windshake	[]
windshock	[3978, 4366, 4396]
windstorm	[]
wingbacks	[2451, 3578, 5865]
wingovers	[]
winsomely	[]
wisdomful	[3796]
witchedly	[]
witchleaf	[]
withernam	[]
witholden	[]
withsayer	[]
witmonger	[]
wolframic	[]
wolfsbane	[]
womanised	[]
womanized	[]
womanizer	[]
womanizes	[]
womanlier	[]
womanlike	[]
womanship	[]
wonderful	[295, 2567, 2727, 4715]
wordishly	[649]
wordplays	[648, 2838, 5387]
wordsmith	[5719]
wordspite	[]
workbench	[1488]
workingly	[1322, 3313]
workmanly	[2775, 5745, 5746]
workplace	[]
workspace	[5220, 5495]
workstand	[]
worktable	[]
worshiped	[]
woundable	[]
wrainbolt	[]
wrastling	[]
wrathlike	[]
wreathing	[]
wreckfish	[3274, 4308, 5569]
wreckings	[]
wrestling	[]
wrymouths	[287, 2139, 2724]
wringbolt	[865]
wrinkledy	[]
wristband	[]
wristbone	[]
wristlock	[]
writhedly	[]
wrongfile	[2555]
wrongfuly	[701, 2371, 2727, 3194, 4753]
wronghead	[]
wuthering	[]
xenoblast	[]
xenocryst	[]
xenograft	[650, 1613, 4243]
xenoliths	[]
xerophagy	[]
xerophily	[]
xyleborus	[722, 5225]
xylocarps	[5387]
xylograph	[4939, 5060, 5672]
xylophage	[636, 1601]
xiphosura	[]
xiphosure	[]
xyridales	[]
zardushti	[]
zealotism	[]
zebrafish	[]
zelotypia	[]
zemindary	[]
zemindars	[]
zephyrian	[]
zephyrous	[]
zeugmatic	[]
zygadenus	[3915, 3916]
zigamorph	[4605]
zygantrum	[503, 534, 544, 1951, 4699]
zygomatic	[]
zygoptera	[]
zygosperm	[1519]
zygotaxis	[]
zymogenic	[]
zymurgies	[]
zincotype	[2298]
zirconate	[]
zonuridae	[]
zwiebacks	[2451, 5216]
