abductions	[]
abductores	[]
abjections	[]
abjunctive	[]
abolishment	[]
abortively	[]
abridgment	[]
abridgments	[]
abruptedly	[]
abruptiones	[]
absinthole	[]
absolutive	[]
absolutize	[]
absorptive	[]
absorptively	[]
absumption	[]
acetopyrin	[]
achenodium	[]
achondrite	[]
acidometry	[]
acronymize	[]
acronymized	[]
actinophrys	[]
aculeiform	[]
adenotyphus	[]
adenovirus	[]
adjunctive	[]
adjunctively	[]
adjustoring	[]
admixtures	[]
admonisher	[]
adolescing	[]
adoptively	[]
adrenolytic	[]
adsorptive	[]
adsorptively	[]
adventurish	[]
adventurism	[]
aftercoming	[]
afterglows	[]
aftershock	[]
aftersound	[]
afterwisdom	[]
agonizedly	[]
agriotypus	[]
agrypnotic	[]
agrotechny	[]
albitophyre	[]
albumenoid	[]
albuminose	[]
alchemistry	[]
algedonics	[]
algometric	[]
algorithms	[]
almonership	[]
alpenstock	[]
aluminotype	[]
ambidextrous	[]
ambidextrously	[]
ambigenous	[]
ambilevous	[]
amblygonite	[]
ambushlike	[]
amyliferous	[]
amylodextrin	[]
amylogenic	[]
amylopectin	[]
amyosthenic	[]
amphiboles	[]
amphibryous	[]
amphicyrtous	[]
amphictyon	[]
amphictyons	[]
amphigenous	[]
amphigenously	[]
amphitryon	[]
amphogenic	[]
ampholytic	[]
amphoteric	[]
amplitudes	[]
amurcosity	[]
anchylosed	[]
anchoretism	[]
anchorites	[]
anchorlike	[]
anchorwise	[]
androecium	[]
androlepsy	[]
anelytrous	[]
anemophily	[]
aneuploidy	[]
angiosperm	[]
anglesmith	[]
angletouch	[]
angleworms	[]
angulosity	[]
anhemolytic	[]
anhydremic	[]
anhydrotic	[]
anhydroxime	[]
antechoirs	[]
anthericum	[]
antichorus	[]
antichrome	[]
anticlergy	[]
anticomplex	[]
antifouler	[]
antigyrous	[]
antilochus	[]
aperulosid	[]
aphroditeum	[]
apodyterium	[]
apothecium	[]
archdespot	[]
archegonium	[]
archfiends	[]
archibuteo	[]
archistome	[]
artichokes	[]
asthenopic	[]
asthmogenic	[]
athrogenic	[]
atmospheric	[]
atrophying	[]
audiometry	[]
augitophyre	[]
aureomycin	[]
ausforming	[]
austrophil	[]
austrophile	[]
authorised	[]
authorized	[]
authorizes	[]
authorling	[]
autodermic	[]
autokinesy	[]
autolyzing	[]
autopsying	[]
autosexing	[]
avoyership	[]
avouchment	[]
azygosperm	[]
azodiphenyl	[]
azosulphine	[]
bachelorism	[]
backfields	[]
backflowing	[]
backfriend	[]
background	[]
backgrounds	[]
backpointer	[]
backpointers	[]
backslider	[]
backstring	[]
backswording	[]
backswordmen	[]
bacterious	[]
baculiform	[]
badmouthing	[]
bayldonite	[]
baldmoneys	[]
balourdise	[]
bankruptcy	[]
bankruptcies	[]
bankrupted	[]
bankruptism	[]
bankruptly	[]
banstickle	[]
baphometic	[]
baryphonic	[]
barleysick	[]
baronetship	[]
baroswitch	[]
basketworm	[]
batfowling	[]
bathflower	[]
bathukolpic	[]
batocrinus	[]
bawdyhouse	[]
beachdrops	[]
beachfront	[]
beautyship	[]
bechalking	[]
becharming	[]
beclamoring	[]
beclasping	[]
becloaking	[]
beclothing	[]
beclouding	[]
becomingly	[]
becowarding	[]
becrawling	[]
becrowding	[]
becrusting	[]
bedclothing	[]
bedwarfing	[]
behaviours	[]
beldamship	[]
beltmaking	[]
benchmarks	[]
benzhydrol	[]
benzhydroxamic	[]
benzofuryl	[]
bermudians	[]
besanctify	[]
bescouring	[]
beshadowing	[]
beshouting	[]
beshrouding	[]
bestrowing	[]
beswarming	[]
bethumping	[]
bewitchful	[]
bialystoker	[]
bicephalous	[]
bichromate	[]
bichromated	[]
bicondylar	[]
biconjugate	[]
bicornuate	[]
bidactylous	[]
byeworkman	[]
bifurcated	[]
bifurcately	[]
bifurcates	[]
bigamously	[]
bigmouthed	[]
bimucronate	[]
binoculars	[]
binoculate	[]
biotherapy	[]
bipersonal	[]
bipetalous	[]
byproducts	[]
birthplace	[]
birthplaces	[]
bismerpund	[]
bistournage	[]
bisulcated	[]
bisulphate	[]
bitemporal	[]
bivouacked	[]
blackfigured	[]
blackfisher	[]
blackprint	[]
blackshirt	[]
blackshirted	[]
blacksmith	[1309]
blackthorn	[]
blackthorns	[]
blacktongue	[]
bladesmith	[]
blameworthy	[]
blandisher	[]
blaspheming	[]
blastoderm	[]
blastodermic	[]
blastogeny	[]
blastogenic	[]
blastomeric	[]
blastomycin	[]
blathering	[]
blazonries	[]
bleachground	[]
bleachworks	[]
blepharism	[]
blepharoncus	[]
blindstorey	[]
blindstory	[]
blockaders	[]
blockading	[]
blockheadism	[]
blockheads	[]
bluepoints	[]
blueprints	[]
bluestocking	[]
blustering	[]
boanergism	[]
boastingly	[]
bodymaking	[]
bodysurfing	[]
bodyweight	[]
boethusian	[]
boyfriends	[]
boldfacing	[]
bolstering	[]
boltheading	[]
boltmaking	[]
bostrychid	[]
bostrychidae	[]
botrychium	[]
boucherism	[]
boulangism	[]
boulangist	[]
bouldering	[]
boulevards	[]
boundaries	[]
bounderish	[]
bounderishly	[]
bountihead	[]
bowdlerism	[]
bowldering	[]
bowstringed	[]
boxhauling	[]
brachydome	[]
brachydont	[]
brachydontism	[]
brachylogies	[]
brachypodine	[]
bracketing	[]
bradytelic	[]
branchiest	[]
branchipus	[]
branchlike	[]
breakdowns	[]
breakpoint	[]
breakpoints	[]
breastplough	[]
breastplow	[]
breathingly	[]
brickmason	[]
brightsome	[]
broadlings	[]
broadwives	[]
bromgelatin	[]
brominated	[]
bronzesmith	[]
brotulidae	[]
brunfelsia	[]
brushmaking	[]
brutalised	[]
brutalized	[]
brutalizes	[]
buchmanite	[]
bucketshop	[]
bucklandite	[]
bucklering	[]
buckraming	[]
buckwasher	[]
buckwashing	[]
buckwheats	[]
bucorvinae	[]
bulkheading	[]
bulwarking	[]
bunchflower	[]
buoyancies	[]
buprestidan	[]
bursectomy	[]
bushelwoman	[]
bushmaking	[]
bushwalking	[]
butanolide	[]
butcherdom	[]
butchering	[]
butylamine	[]
butyrinase	[]
butlership	[]
cabinetwork	[]
cabriolets	[]
cadmiferous	[]
cafetorium	[]
calenturish	[]
calyptrogen	[]
camerlingo	[]
camerlingos	[]
campground	[]
campgrounds	[]
campholide	[]
camphorize	[]
candlefish	[]
candleshrift	[]
candlewright	[]
canephorus	[]
cantorship	[]
caperingly	[]
capernoity	[]
caprigenous	[]
capsuliform	[]
capsulized	[]
captiously	[]
carbethoxy	[]
carbethoxyl	[]
carbolineum	[]
carbolised	[]
carbolized	[]
carbolizes	[]
carbonised	[]
carbonized	[]
carbonizes	[]
carousingly	[]
carpholite	[]
carpodetus	[]
castorized	[]
cateringly	[]
caulopteris	[]
cautioners	[]
cavernously	[]
celibatory	[]
celidography	[]
censurably	[]
centaurdom	[]
centigrado	[]
centigrams	[]
centiloquy	[]
centimolar	[]
centralism	[]
centrifugal	[]
centroidal	[]
centroplasm	[]
centumviral	[]
cephalodymus	[]
cephalodium	[]
cephalotus	[]
ceratinous	[]
ceratopsid	[]
cerianthus	[]
ceroplasty	[]
cetorhinus	[]
chairwomen	[]
chalybeous	[]
chalkstone	[]
chalkstony	[]
chambering	[]
chambertin	[]
chamfering	[]
champertous	[]
championed	[]
chapournet	[]
chapterful	[]
chaptering	[]
charleston	[]
charmingest	[]
charmingly	[]
chauliodes	[]
chaumontel	[]
chavibetol	[]
cheatingly	[]
chemotaxis	[]
chervontsi	[]
chevrotain	[]
chiastoneury	[]
childermas	[]
chyliferous	[]
chymiferous	[]
chimneypot	[]
chirogymnast	[]
chiromegaly	[]
chiroplasty	[]
chivalrous	[]
chlamydeous	[]
chloramide	[]
chloramine	[]
chlorazide	[]
chlorguanide	[]
chloriambus	[]
chloridate	[]
chlorinate	[]
chlorinated	[]
chlorinates	[]
chokestrap	[]
chondrites	[]
chondrules	[]
choriambus	[]
choruslike	[]
choultries	[]
chowdering	[]
chrysaline	[]
chrysaloid	[]
chrysamine	[]
chrysolite	[]
chrysomelid	[]
chrysopidae	[]
chrysotile	[]
christabel	[]
christendom	[]
chromatype	[]
chromatize	[]
chromeplating	[]
chronaxies	[]
chutzpadik	[]
chutzpanik	[]
cyanophile	[]
cyathiform	[]
cylindroma	[]
cymiferous	[]
cinemograph	[]
cineplasty	[]
cingulated	[]
cyphonautes	[]
cypseliform	[]
cystoidean	[]
cystoplegia	[]
citharexylum	[]
citharoedus	[]
cytioderma	[]
cladothrix	[]
clambering	[]
clamouring	[]
clamourist	[]
clangoured	[]
clavigerous	[]
cleistogamy	[]
clergywoman	[]
climograph	[]
clinograph	[]
clinometry	[]
clipboards	[]
clypeastroid	[]
clypeiform	[]
clofibrate	[]
closterium	[]
clothesbag	[]
clothesyard	[]
clothesman	[]
clothespin	[]
clothmaker	[]
clothmaking	[]
clubfisted	[]
clubmonger	[]
clupeiform	[]
clustering	[]
cnidoblast	[]
coadjument	[]
coadjutive	[]
coadjutrix	[]
codfishery	[]
coelastrum	[]
coequality	[]
coequating	[]
cogitabund	[]
cogitabundly	[]
cognisable	[]
cognisably	[]
cognizable	[]
cognizably	[]
coinsurable	[]
coislander	[]
colbertism	[]
coldturkey	[]
colibertus	[]
colymbidae	[]
colubridae	[]
colubrinae	[]
columbaries	[]
columbidae	[]
columbines	[]
columnarity	[]
columnarized	[]
columnated	[]
columnates	[]
columnized	[]
columnizes	[]
columnwise	[]
combatively	[]
combinedly	[]
combusting	[]
combustive	[]
combustively	[]
combwright	[]
comitragedy	[]
compagnies	[]
comparting	[]
compatible	[]
compatibles	[]
compatibly	[]
compendiary	[]
competingly	[]
complained	[]
complainer	[]
complainers	[]
complaints	[]
completing	[]
complexify	[]
complexing	[]
complexity	[]
comprisable	[]
comprizable	[]
compsilura	[]
compulsative	[]
compulsive	[]
computable	[]
computably	[]
computernik	[]
comradeship	[]
condylarth	[]
configurable	[]
configural	[]
configurate	[]
configurated	[]
configured	[]
configures	[]
confirmable	[]
confirmedly	[]
confusable	[]
confusably	[]
confusedly	[]
confutable	[]
congustable	[]
conjugable	[]
conjugably	[]
conjugales	[]
conjugality	[]
conjugated	[]
conjugately	[]
conjugates	[]
conjugative	[]
considerably	[]
constablery	[]
construable	[]
consularity	[]
consulated	[]
consultary	[]
consultive	[]
consumable	[]
consumated	[]
consumedly	[]
consumpted	[]
consumptible	[]
consumptive	[]
consumptively	[]
contraplex	[]
contrawise	[]
contrivable	[]
contrivedly	[]
conversably	[]
convertibly	[]
convertism	[]
copyreading	[]
copyrightable	[]
copyrighted	[]
copyrights	[]
copulating	[]
copulative	[]
cordylanthus	[]
corelating	[]
coremaking	[]
coreplasty	[]
coresidual	[]
corybantish	[]
corydaline	[]
corymbiate	[]
corymbiated	[]
corymblike	[]
coryphaenid	[]
coryphaeus	[]
cornetfish	[]
cornfields	[]
cornflakes	[]
corniplume	[]
cornulites	[]
cosingular	[]
coterminal	[]
couniversal	[]
counterbid	[]
counterdash	[]
counterfix	[]
counterlaw	[]
countermaid	[]
counterpaly	[]
counterplay	[]
counterspy	[]
countersway	[]
countervail	[]
countervails	[]
countywide	[]
countryfied	[]
countryish	[]
countryside	[]
countrywide	[]
courtesying	[]
courtezanship	[]
covetingly	[]
coweringly	[]
coxswained	[]
cradlesong	[]
crampingly	[]
crashingly	[]
crawfished	[]
creakingly	[]
creditably	[]
cremations	[]
creophagism	[]
creophagist	[]
crewmanship	[]
cryptogame	[]
cryptoglaux	[]
cryptomnesia	[]
cryptonema	[]
crystaling	[]
crystalize	[]
crystoleum	[]
croqueting	[]
crumbliest	[]
crumblings	[]
crushingly	[]
crustalogy	[]
cuemanship	[]
culminated	[]
culminates	[]
culteranismo	[]
cumberland	[]
curateship	[]
curatively	[]
curlyheads	[]
curtseying	[]
cushewbird	[]
customable	[]
customably	[]
customarily	[]
customizable	[]
customized	[]
customizer	[]
dacryolite	[]
dacryolith	[]
dactylopius	[]
daemonurgy	[]
daemonurgist	[]
dayflowers	[]
dairywomen	[]
dampcourse	[]
dangerously	[]
dantophily	[]
dasyproctine	[]
daughterkin	[]
daughterly	[]
davenports	[]
deaconship	[]
deathblows	[]
debasingly	[]
debatingly	[]
debauching	[]
deblocking	[]
debonairly	[]
debonairty	[]
debouching	[]
debtorship	[]
decagynous	[]
decalogist	[]
decarhinus	[]
decathlons	[]
decinormal	[]
declinator	[]
declinatory	[]
declinograph	[]
decorating	[]
decoupling	[]
decrypting	[]
decryption	[]
decryptions	[]
decubation	[]
decurvation	[]
defacingly	[]
defamingly	[]
defaulting	[]
deflations	[]
deflourish	[]
defoliants	[]
deforciant	[]
defrocking	[]
defrosting	[]
delthyrium	[]
delusionary	[]
demihagbut	[]
demivotary	[]
demography	[]
demographic	[]
demographics	[]
demographist	[]
demonstrably	[]
dentaliums	[]
denticular	[]
dentiloguy	[]
dentiloquy	[]
dentiparous	[]
dentiscalp	[]
dentosurgical	[]
depasturing	[]
depilatory	[]
deplumation	[]
depositary	[]
depravingly	[]
depurating	[]
depuration	[]
dermatoglyphic	[]
dermatoglyphics	[]
dermatopsy	[]
dermoblast	[]
dermopathy	[]
dermopathic	[]
dermophytic	[]
dermoplasty	[]
designator	[]
designatory	[]
designatum	[]
desynaptic	[]
desmography	[]
desmopathy	[]
desolating	[]
despairful	[]
despatching	[]
despicably	[]
despotical	[]
despoticly	[]
despumating	[]
despumation	[]
destroying	[]
desucration	[]
deutonymph	[]
deutonymphal	[]
deutoplasm	[]
deutoplasmic	[]
devouringly	[]
dextrinous	[]
dextrously	[]
diabolepsy	[]
diastrophe	[]
diastrophy	[]
diathermous	[]
dicephalous	[]
dicephalus	[]
dichromasy	[]
dichromate	[]
dictaphone	[]
dictaphones	[]
dictyonema	[]
dictograph	[]
dynametric	[]
dynamiters	[]
dyothelism	[]
diparentum	[]
dipetalous	[]
dipyrenous	[]
diplomates	[]
dipneustal	[]
disaugment	[]
disavowment	[]
disbarment	[]
disburgeon	[]
disburthen	[]
discernably	[]
discography	[]
disconjure	[]
discothque	[]
discountable	[]
discounter	[]
discourage	[]
discoverably	[]
discrepant	[]
discrepantly	[]
disculpate	[]
disculpatory	[]
discutable	[]
disembargo	[]
disenamour	[]
disencharm	[]
disenthral	[]
dysepulotic	[]
disfortune	[]
dysgenical	[]
disgraceful	[]
disgruntle	[]
disharmony	[]
dishmonger	[]
dishpanful	[]
dishwatery	[]
disjunctor	[]
diskography	[]
dismantler	[]
dismountable	[]
disownable	[]
dispatcher	[]
dispatchful	[]
dysphrenia	[]
disprovable	[]
disputable	[]
disputably	[]
disreputably	[]
disruptable	[]
dystrophia	[]
dystrophic	[]
distrouble	[]
disturbance	[]
disulphate	[]
disulphonate	[]
disulphone	[]
dithyrambos	[]
dithyrambs	[]
dithyrambus	[]
ditrochean	[]
divulgater	[]
divulgator	[]
divulgatory	[]
dobzhansky	[]
docentship	[]
dockmaster	[]
doctrinable	[]
documental	[]
documentary	[]
documentarily	[]
dogmatiser	[]
dogmatizer	[]
dogwatches	[]
donatively	[]
doryanthes	[]
dormancies	[]
doublethink	[]
doubtingly	[]
doughfaceism	[]
doughmaker	[]
dowagerism	[]
dowitchers	[]
downcastly	[]
downrightly	[]
downstream	[]
draconites	[]
dracontium	[]
dragonfish	[]
dragonflies	[]
dragonlike	[]
drainspout	[]
draughtily	[]
draughtsmen	[]
drawknives	[]
dreamingful	[]
dreamingly	[]
drinkables	[]
dryopithecus	[]
drumbeating	[]
dumbstricken	[]
dumbwaiter	[]
dumbwaiters	[]
duplicates	[]
duplicator	[]
duplicators	[]
durbachite	[]
dutymonger	[]
dwarfishly	[]
earthbound	[]
earthlings	[]
earthmoving	[]
ectorganism	[]
ectorhinal	[]
edaciously	[]
educations	[]
edulcorating	[]
eightyfold	[]
elbowchair	[]
elychnious	[]
elucidator	[]
elucidatory	[]
elucidators	[]
embargoist	[]
emblazonry	[]
embracingly	[]
embryoplastic	[]
embryulcia	[]
embrocating	[]
emulations	[]
emuscation	[]
enchymatous	[]
endoblastic	[]
endogastric	[]
endolymphatic	[]
endolymphic	[]
endolumbar	[]
endomysial	[]
endopathic	[]
endophasic	[]
endophytal	[]
endophytic	[]
endophragm	[]
endoplasmic	[]
endorachis	[]
endostylar	[]
endostylic	[]
endostracum	[]
enthraldom	[]
epharmonic	[]
epicanthus	[]
epichordal	[]
epicondylar	[]
epignathous	[]
epistolary	[]
eponychium	[]
equiformal	[]
eruptional	[]
escaloping	[]
escapingly	[]
euchromatin	[]
euharmonic	[]
euomphalid	[]
euphonical	[]
euphorbial	[]
euphoriant	[]
eurybathic	[]
eurygnathic	[]
eurygnathism	[]
eurythmical	[]
eurythmics	[]
evulgation	[]
exactingly	[]
exclusionary	[]
exculpating	[]
exculpation	[]
exculpations	[]
exculpatory	[]
excursional	[]
excurvation	[]
excusation	[]
excusatory	[]
excusingly	[]
exhausting	[]
exhaustingly	[]
exhaustion	[]
exhortingly	[]
exhumating	[]
exhumation	[]
exhumations	[]
exhumatory	[]
exoculating	[]
exogastric	[]
exomphalus	[]
exorbitancy	[]
exorcismal	[]
expansibly	[]
expiscator	[]
expiscatory	[]
explanitory	[]
explicandum	[]
explicator	[]
explicatory	[]
explicators	[]
expulsatory	[]
expurgation	[]
expurgations	[]
extricably	[]
extropical	[]
exudations	[]
fabulosity	[]
facetiously	[]
factiously	[]
factorylike	[]
factoryship	[]
factorized	[]
factorship	[]
fadmongery	[]
fagopyrism	[]
falconries	[]
faldistory	[]
fameworthy	[]
farinosely	[]
farmhousey	[]
farsighted	[]
farsightedly	[]
fatherling	[]
fauntleroy	[]
fautorship	[]
favoringly	[]
favouredly	[]
favouringly	[]
fearnought	[]
februation	[]
fecundator	[]
fecundatory	[]
feldspathic	[]
felsophyric	[]
felspathic	[]
feltmaking	[]
fernambuck	[]
fetchingly	[]
fetiparous	[]
fetography	[]
fieulamort	[]
figurately	[]
filamentous	[]
filmography	[]
fingerhold	[]
fingerpost	[]
fintadores	[]
fireplough	[]
fisherboat	[]
fisherwoman	[]
fishmonger	[]
flamenship	[]
flamineous	[]
flamingoes	[]
flandowser	[]
flapmouthed	[]
flaughtbred	[]
flavorings	[]
flavouring	[]
fletchings	[]
flexanimous	[]
flexography	[]
flexographic	[]
flexuosity	[]
flyspecking	[]
flyweights	[]
flockmaster	[]
flogmaster	[]
floreating	[]
florentium	[]
floribunda	[]
florisugent	[]
flounciest	[]
flourished	[]
flourishment	[]
flowcharted	[]
flowcharting	[]
flowcharts	[]
fluidrachm	[]
flunkeydom	[]
flunkeyish	[]
flunkeyism	[]
fluohydric	[]
fluorescin	[]
fluorescing	[]
fluoridate	[]
fluoridates	[]
fluorinate	[]
fluorinated	[]
fluorinates	[]
flushboard	[]
flusherman	[]
flustering	[]
fluviograph	[]
fluxionary	[]
foemanship	[]
folksinger	[]
foraminule	[]
forcipated	[]
forcipulate	[]
forecasting	[]
forecastingly	[]
foredating	[]
forelaying	[]
foremanship	[]
forensical	[]
forepaling	[]
foresaying	[]
forestland	[]
foretalking	[]
forgivable	[]
forgivably	[]
forgiveably	[]
forinsecal	[]
forjudgment	[]
forleaving	[]
formagenic	[]
formalised	[]
formalized	[]
formalizes	[]
formatively	[]
formicated	[]
formidable	[]
formidably	[]
formylated	[]
formylating	[]
formulated	[]
formulates	[]
formulating	[]
formulised	[]
formulized	[]
fornicated	[]
fornicates	[]
forsakenly	[]
forspeaking	[]
fosteringly	[]
fosterland	[]
fosterling	[]
foundership	[]
frabjously	[]
fracedinous	[]
fractioned	[]
fractiously	[]
fractonimbus	[]
franchised	[]
francolite	[]
francophil	[]
francophile	[]
fratcheous	[]
freakishly	[]
freshmanic	[]
freshwoman	[]
fricandoes	[]
frightable	[]
frightsome	[]
frigostable	[]
frithsoken	[]
fructokinase	[]
fructoside	[]
fruitcakey	[]
fruitcakes	[]
fruitwoman	[]
fruitwomen	[]
frumpishly	[]
fuglemanship	[]
fulgoridae	[]
fulminated	[]
fulminates	[]
fulminator	[]
fulminatory	[]
fumatories	[]
fumigatory	[]
fumigators	[]
functorial	[]
fundatrices	[]
funditores	[]
furanoside	[]
furbelowing	[]
furbishment	[]
furnishable	[]
furomethyl	[]
fuscohyaline	[]
fusobteria	[]
galeorchis	[]
galeorhinus	[]
gamostelic	[]
gasometric	[]
gastriloquy	[]
gastropexy	[]
gastrophile	[]
gastroplenic	[]
gaultherin	[]
gelatinous	[]
geniolatry	[]
genioplasty	[]
genoblastic	[]
genotypical	[]
geodynamic	[]
geodynamics	[]
geophysical	[]
geothlypis	[]
germanious	[]
gerundival	[]
gesithcund	[]
gesticular	[]
gierfalcon	[]
gymnarchus	[]
gymnetrous	[]
gymnoblastic	[]
gymnocladus	[]
gymnopaedic	[]
gymnoplast	[]
gymnotidae	[]
gynarchies	[]
gynephobia	[]
gynethusia	[]
gynostemia	[]
gyrfalcons	[]
gitanemuck	[]
glamorized	[]
glamorizes	[]
glamourize	[]
glanderous	[]
glandiferous	[]
glandiform	[]
glanditerous	[]
glastonbury	[]
glauconite	[]
glycohemia	[]
glycopexia	[]
glycopexis	[]
glycosemia	[]
glycosuria	[]
glycuronid	[]
glycuronide	[]
glykopexic	[]
glucokinase	[]
glucosamine	[]
glucosemia	[]
gnatflower	[]
goatsucker	[]
godfathers	[]
godparents	[]
goldbricks	[]
goldenback	[]
goldenhair	[]
goldfinches	[]
goldsmithery	[]
goldsmithry	[]
goliardeys	[]
gormandise	[]
gormandize	[]
gormandizes	[]
gothlander	[]
gourmandise	[]
gourmandize	[]
governably	[]
graciously	[]
graecophil	[]
gramineous	[]
grandevity	[]
grandevous	[]
grandiosely	[]
granulocyte	[]
graphemics	[]
grapholite	[]
gravecloth	[]
greyhounds	[]
grievously	[]
grouchiest	[]
groundable	[]
groundably	[]
groundwave	[]
groupthink	[]
grubstaked	[]
guardstone	[]
guidecraft	[]
gunpowdery	[247]
gunsmithery	[]
gunstocker	[]
guvacoline	[]
habronemic	[]
hackneyism	[]
hacksilber	[]
haemolysin	[]
haemolytic	[]
hailstoned	[]
haimsucken	[]
hambroline	[]
hamrongite	[]
hamstringed	[]
handflower	[]
handygripe	[]
handistroke	[]
handsomely	[]
handstroke	[]
handwrites	[]
harlequins	[]
harmonised	[]
harmonized	[]
harmonizes	[]
harvestbug	[]
harvesting	[]
headspring	[]
headstrong	[]
headstrongly	[]
headworking	[]
heartblock	[]
hectograms	[]
hectoringly	[]
hematoxylic	[]
hematoxylin	[]
hemiazygous	[]
hemidactyl	[]
hemidactylous	[]
hemidactylus	[]
hemikaryon	[]
hemitropal	[]
hemizygous	[]
hemocyturia	[]
hemofuscin	[]
hemogastric	[]
hemolyzing	[]
hemoplastic	[]
hemosalpinx	[]
hempstring	[]
heptagynous	[]
heptandrous	[]
herbagious	[]
herdswoman	[]
hermatypic	[]
hermodactyl	[]
hernioplasty	[]
hexabromid	[]
hexagynous	[]
hexandrous	[]
hexaploidy	[]
hyalopsite	[]
hyaluronic	[]
hydatiform	[]
hydatigenous	[]
hydatogenic	[]
hydnaceous	[]
hydnocarpus	[]
hydracetin	[]
hydramnios	[]
hydrastine	[]
hydrations	[]
hydraucone	[]
hydraulicon	[]
hydraulics	[]
hydraulist	[]
hydrobates	[]
hydrobiplane	[]
hydrocauline	[]
hydrocleis	[]
hydroclimate	[]
hydrofluate	[]
hydrogenic	[]
hydrogenium	[]
hydromagnetic	[]
hydromagnetics	[]
hidromancy	[]
hydromantic	[]
hydropical	[]
hydroplane	[]
hydroplanes	[]
hydropneumatic	[]
hydropultic	[]
hydrosalpinx	[]
hydrospace	[]
hydrosulfate	[]
hydrosulfite	[]
hydrotaxis	[]
hydrotical	[]
hydroxamic	[]
hydurilate	[]
hieromancy	[]
hygroplasm	[]
hylobatine	[]
himantopus	[]
hymenicolar	[]
hymnodical	[]
hindermost	[]
hyosternal	[]
hyosternum	[]
hypalgesic	[]
hyperaction	[]
hyperbatic	[]
hyperbaton	[]
hyperbatons	[]
hyperbolas	[]
hyperbolic	[]
hyperbolism	[]
hyperbolist	[]
hyperbulia	[]
hyperclimax	[]
hyperdulia	[]
hyperdulic	[]
hyperfocal	[]
hypergamous	[]
hypergolic	[]
hypernomic	[]
hyperosmia	[]
hyperosmic	[]
hypersolid	[]
hypersomnia	[]
hypersonic	[]
hyperstoic	[]
hyperstoical	[]
hypertonia	[]
hypertonic	[]
hypertonus	[]
hypertoxic	[]
hypnaceous	[]
hypnotisable	[]
hypnotised	[]
hypnotiser	[]
hypnotizable	[]
hypnotized	[]
hypnotizer	[]
hypnotizes	[]
hypoactive	[]
hypobarism	[]
hypoblastic	[]
hypocentral	[]
hypocentrum	[]
hypocrital	[]
hypocrites	[]
hypodermal	[]
hypodermatic	[]
hypodermic	[]
hypodermics	[]
hypodermis	[]
hypogastric	[]
hypogastrium	[]
hypogeusia	[]
hypokalemic	[]
hypomnesia	[]
hyponastic	[]
hyponeuria	[]
hyporadius	[]
hyposcenium	[]
hyposternal	[]
hyposternum	[]
hypostigma	[]
hyposulfite	[]
hypotenusal	[]
hypozeugma	[]
hypozeuxis	[]
hypsometric	[]
hypsometrical	[]
hysteralgic	[]
hysterical	[]
hysteroidal	[]
hoactzines	[]
holectypina	[]
homesickly	[]
homewardly	[]
hopsacking	[]
hortensial	[]
hospitable	[]
hospitably	[]
hospitaler	[]
hospitalmen	[]
hotbrained	[]
housecraft	[]
housemaidy	[]
housemating	[]
housepaint	[]
houseplant	[]
housewarming	[]
hoveringly	[]
huckstering	[]
humanizers	[]
humboldtine	[]
humdingers	[]
humoralist	[]
humpbacked	[]
husbandlike	[]
yachtswomen	[]
idemfactor	[]
ideography	[]
ideographs	[]
ideoplasty	[]
imbrangled	[]
impersonal	[]
imponderably	[]
importable	[]
importably	[]
importance	[]
importancy	[]
importunable	[]
importunacy	[]
importuned	[]
importunely	[]
importunes	[]
impoundable	[]
impoundage	[]
impregnably	[]
improvable	[]
improvably	[]
imprudency	[]
imprudently	[]
impudently	[]
impugnable	[]
inchoately	[]
incompared	[]
incomputable	[]
incomputably	[]
incroyable	[]
incubatory	[]
incubators	[]
inculpated	[]
inculpates	[]
inculpatory	[]
incurvated	[]
indevoutly	[]
indorsable	[]
inexcusably	[]
inexorably	[]
infamously	[]
informable	[]
informatus	[]
informedly	[]
infraposed	[]
infuscated	[]
ingrateful	[]
ingustable	[]
inoceramus	[]
inoculated	[]
inoculates	[]
inosculate	[]
inosculated	[]
inscrutable	[]
inscrutably	[]
inspectoral	[]
insuperably	[]
intemporal	[]
interblock	[]
interclash	[]
interclasp	[]
intercloud	[]
intercoxal	[]
intercupola	[]
interglyph	[]
interjugal	[]
interlocks	[]
interlocus	[]
interplays	[]
interposal	[]
intershock	[]
intervocal	[]
introduces	[]
involucrate	[]
involucred	[]
involucres	[]
yokemating	[]
isocephaly	[]
isonuclear	[]
isopleuran	[]
isothermal	[]
itcheoglan	[]
yugoslavic	[]
jacklighter	[]
jacksonite	[]
jacobitely	[]
jacqueminot	[]
jargonised	[]
jargonized	[]
jeopardying	[]
jeoparding	[]
jockeyship	[]
jocularity	[]
journalise	[]
journalised	[]
journalish	[]
journalism	[]
journalist	[]
journalize	[]
journalized	[]
journalizes	[]
jubilatory	[]
judgmental	[]
judicatory	[]
junglewards	[]
justifably	[]
jutlandish	[]
juvenolatry	[]
juxtapyloric	[]
juxtaposed	[]
juxtaposing	[]
kaligenous	[]
kalsomined	[]
kalsominer	[]
kamptulicon	[]
katipuneros	[]
keyboarding	[]
keratinous	[]
keratoncus	[]
keratonyxis	[]
kerygmatic	[]
khidmutgar	[]
kidneywort	[]
kiloparsec	[]
kymographic	[]
kineplasty	[]
kinetogram	[]
kinetograph	[]
kinetography	[]
kingdomful	[]
kyphosidae	[]
kitchendom	[]
kitchenful	[]
kitchenward	[]
kitchenwards	[]
klendusity	[]
knifeboard	[]
kohlrabies	[]
koreshanity	[]
kratogenic	[]
kurbashing	[]
labyrinthed	[]
labyrinths	[]
lachrymist	[]
lachrymose	[]
lachrymous	[]
lackeyship	[]
lacqueying	[]
lacquering	[]
lacquerist	[]
lactiferous	[]
lactigenous	[]
lactigerous	[]
lactonized	[]
lacunosity	[]
lacustrine	[]
ladyfinger	[]
ladyfingers	[]
ladysfinger	[]
lageniform	[]
lageniporm	[]
lambrequin	[]
lampworking	[]
lancetfish	[]
lanciferous	[]
languished	[]
languisher	[]
laniferous	[]
lanigerous	[]
lansfordite	[]
largemouth	[]
laryngitus	[]
latecoming	[]
lavishment	[]
lawyership	[]
lawrencium	[]
lawrightmen	[]
lectionary	[]
lectorship	[]
lemography	[]
lengthways	[]
leopardskin	[]
leptorchis	[]
leucotaxin	[]
leukotaxin	[]
lexicography	[]
lexigraphy	[]
libocedrus	[]
lycanthrope	[]
lycanthropies	[]
lycanthropize	[]
lifeguards	[]
ligamentous	[]
lightboard	[]
lighterman	[]
lightfaced	[]
lightyears	[]
lightwards	[]
limnograph	[]
lymphation	[]
lymphoduct	[]
lymphogenic	[]
lymphotaxis	[]
lineograph	[]
linguaeform	[]
lithocarpus	[]
lithodesma	[]
lithomancy	[]
lithomarge	[]
lithosperm	[]
lythraceous	[]
lobstering	[]
lobsterman	[]
locksmithery	[]
locustidae	[]
logarithms	[]
logicaster	[]
longhaired	[]
longimetry	[]
longitudes	[]
loranskite	[]
loudspeaking	[]
lovemaking	[]
lubricants	[]
lubricated	[]
lubricates	[]
lukewarmish	[]
lukewarmth	[]
lumberjack	[]
lumberjacks	[]
lumbodynia	[]
lupinaster	[]
lutemaking	[]
lutheranic	[]
lutheranism	[]
machineful	[]
mackintosh	[]
mackintoshed	[]
macrophyte	[]
macrostyle	[]
magneoptic	[]
magniloquy	[]
magnitudes	[]
mayflowers	[]
makeshifty	[]
maledictory	[]
maleruption	[]
malfortune	[]
maliferous	[]
malnourished	[]
manifestly	[]
manifolder	[]
mantlerock	[]
manuscript	[]
marigenous	[]
marketings	[]
maskflower	[]
masterling	[]
matchboxes	[]
matrocliny	[]
matronized	[]
matronlike	[]
matronship	[]
maudlinwort	[]
meandrously	[]
medicatory	[]
medithorax	[]
medrinacks	[]
megadontic	[]
megalornis	[]
meganthropus	[]
megaphyton	[]
megaphonic	[]
megapodius	[]
megarhinus	[]
megasporic	[]
melanosity	[]
melianthus	[]
melichrous	[]
melicraton	[]
meliphagous	[]
melographic	[]
melotragic	[]
mendacious	[]
mendaciously	[]
menopausic	[]
menotyphla	[]
menotyphlic	[]
mensurably	[]
mentorship	[]
mercaptids	[]
merchantly	[]
meroblastic	[]
meschantly	[]
mesofurcal	[]
mesognathy	[]
mesognathic	[]
mesokurtic	[]
mesophytic	[]
mesorchial	[]
mesorhinal	[]
metalworking	[]
metalworks	[]
metaphysic	[]
metaphoric	[]
methanolic	[]
methyldopa	[]
methodical	[]
metrodynia	[]
metrosalpinx	[]
myasthenic	[]
mycophagist	[]
mycorhizal	[]
microblast	[]
microfungal	[]
microgadus	[]
microluxes	[]
microphage	[]
microphagy	[]
microphytal	[]
microphyte	[]
microtypal	[]
microvaxes	[]
microwaves	[]
myctophidae	[]
mydatoxine	[]
midfrontal	[]
midventral	[]
midwatches	[]
myelographic	[]
myelopathic	[]
mindblower	[]
mineralogy	[]
mynpachtbrief	[]
myoblastic	[]
myographic	[]
myographist	[]
myopathies	[]
myoplastic	[]
myrtaceous	[]
misanthrope	[]
misanthropy	[]
mischanter	[]
mischarged	[]
misconjugate	[]
misconjugated	[]
miscounted	[]
misdateful	[]
misexpound	[]
misfortune	[]
misfortuned	[]
misgrafted	[]
mislabored	[]
mislocated	[]
misnatured	[]
mispatched	[]
misplanted	[]
misproduce	[]
mistakeful	[]
mistakenly	[]
mistflower	[]
mistouched	[]
misvouched	[]
miswrought	[]
mitchboard	[]
mytilaceous	[]
myxogaster	[]
myxogastric	[]
moderating	[]
modularity	[]
modularize	[]
modularizes	[]
modulating	[]
modulative	[]
molybdenic	[]
monarchies	[]
monarchist	[]
monarchize	[]
monarchized	[]
monarchlike	[]
monetarily	[]
mongrelish	[]
mongrelity	[]
monkeytail	[]
mordancies	[]
moribundly	[]
morphactin	[]
morphinate	[]
mortalized	[]
mortalwise	[]
mosandrite	[]
motherkins	[]
motherland	[]
motherlands	[]
motherling	[]
mouldering	[]
moustached	[]
mousterian	[]
mouthingly	[]
mucronated	[]
mucronately	[]
mudslinger	[]
multibranched	[]
multibreak	[]
multicharge	[]
multichord	[]
multifaced	[]
multigraph	[]
multiphase	[]
multiphaser	[]
multipronged	[]
multiwords	[]
muscalonge	[]
muscardine	[]
muscovadite	[]
museography	[]
musicography	[]
musicotherapy	[]
muskflower	[]
muskhogean	[]
musophagine	[]
mustachioed	[]
narcolepsy	[]
narcotised	[]
narcotized	[]
narcotizes	[]
narthecium	[]
nasethmoid	[]
nasutiform	[]
naupliform	[]
navigerous	[]
nebulosity	[]
necropathy	[]
necrophagy	[]
necrophily	[]
nectarious	[]
nefariously	[]
negotiably	[]
neighborly	[]
neighbourly	[]
neighbours	[]
neoblastic	[]
neographic	[]
neophytism	[]
neophrastic	[]
neoplastic	[]
nephralgic	[]
nephrodium	[]
nephrolytic	[]
neuroblast	[]
neuroblastic	[]
neurogliac	[]
neurolymph	[]
neurolytic	[]
neuromastic	[]
neuropathy	[]
neuropathic	[]
neurophagy	[]
neuroplasm	[]
neuroplasmic	[]
neuroplasty	[]
neutralism	[]
neutrophil	[]
neutrophils	[]
nightclubs	[]
nightmares	[]
nightwalker	[]
nightwalkers	[]
nightwards	[]
nymphoides	[]
noctambule	[]
nomarchies	[]
normalcies	[]
normalised	[]
normalized	[]
normalizes	[]
normatively	[]
notaryship	[]
noticeably	[]
nourishable	[]
novaculite	[]
novelcraft	[]
novelwright	[]
nucleators	[]
nucleiform	[]
nugatorily	[]
numerosity	[]
obduracies	[]
obdurately	[]
obdurating	[]
obeisantly	[]
obfuscated	[]
obfuscating	[]
objectival	[]
objurgated	[]
objurgates	[]
objurgative	[]
objurgatively	[]
obscurative	[]
obscuredly	[]
obsecrating	[]
observancy	[]
observandum	[]
observantly	[]
observatin	[]
observingly	[]
obtrusively	[]
odelsthing	[]
oysterling	[]
onychauxis	[]
opalescing	[]
opisthenar	[]
opuntiales	[]
orbiculate	[]
orbiculated	[]
orchestian	[]
orchidales	[]
ordanchite	[]
ordinately	[]
oscularity	[]
osculating	[]
osculatrix	[]
osphyalgic	[]
osphradium	[]
ostracized	[]
outbarking	[]
outbawling	[]
outbeaming	[]
outbearing	[]
outblacken	[]
outblazing	[]
outbraving	[]
outbreaking	[]
outcapering	[]
outcaviled	[]
outchamber	[]
outcharmed	[]
outcharming	[]
outchasing	[]
outclimbed	[]
outcrawled	[]
outcrawling	[]
outdrawing	[]
outdreaming	[]
outfabling	[]
outfieldsman	[]
outflaming	[]
outflanked	[]
outflanker	[]
outflaring	[]
outgambled	[]
outhearing	[]
outyelping	[]
outlandish	[]
outlawries	[]
outleading	[]
outleaping	[]
outmarched	[]
outmarches	[]
outmarching	[]
outmiracle	[]
outplaying	[]
outpleasing	[]
outpraying	[]
outpraised	[]
outreaching	[]
outreading	[]
outrhyming	[]
outrivaled	[]
outserving	[]
outshaming	[]
outshaping	[]
outsharpen	[]
outslander	[]
outsparkle	[]
outsparkled	[]
outsparkling	[]
outspeaking	[]
outspreading	[]
outswearing	[]
outswindle	[]
outswinger	[]
outwalking	[]
outwarbled	[]
outwarbling	[]
outwearying	[]
outwearing	[]
outweaving	[]
outwhirled	[]
outwrangle	[]
outwrangled	[]
overabusing	[]
overacting	[]
overambling	[]
overbaking	[]
overbashful	[]
overblaming	[]
overblanch	[]
overbuying	[]
overbusily	[]
overcasting	[]
overchafing	[]
overchasing	[]
overdainty	[]
overfaintly	[]
overfasting	[]
overflight	[]
overflights	[]
overflying	[]
overguilty	[]
overhastily	[]
overhating	[]
overhauling	[]
overhumanity	[]
overhumbly	[]
overjading	[]
overkindly	[]
overlading	[]
overlaying	[]
overlaunch	[]
overmagnify	[]
overmatching	[]
overmighty	[]
overpaying	[]
overpainful	[]
overphysic	[]
overplaying	[]
overplying	[]
overpublic	[]
overpunish	[]
overqualify	[]
overquickly	[]
oversalting	[]
oversating	[]
overshading	[]
oversimply	[]
overslaugh	[]
overslight	[]
overstaying	[]
overstudying	[]
oversubtly	[]
overtaking	[]
overtasking	[]
overtaxing	[]
overthickly	[]
overthinly	[]
ovicapsule	[]
oviculated	[]
oxyblepsia	[]
oxycephalism	[]
oxyhematin	[]
oxymandelic	[]
oxymuriate	[]
oxystearic	[]
oxysulfide	[]
oxysulphate	[]
oxysulphid	[]
oxysulphide	[]
oxywelding	[]
pachydermous	[]
pachyderms	[]
pachnolite	[]
packbuilder	[]
packinghouse	[]
padlocking	[]
paedonymic	[]
painsworthy	[]
paintbrush	[]
palindrome	[]
palindromes	[]
palmchrist	[]
palmiferous	[]
palustrine	[]
panegyrics	[]
panegyricum	[]
panegyrist	[]
paneulogism	[]
panhygrous	[]
panthelism	[]
parbuckled	[]
parbuckling	[]
parchingly	[]
parchmenty	[]
parchments	[]
parciloquy	[]
pareciously	[]
parenchymous	[]
parethmoid	[]
paronychium	[]
paronymize	[]
paroxysmic	[]
parqueting	[]
parsonlike	[]
parthenium	[]
parvenudom	[]
parvenuism	[]
paschflower	[]
pasticheur	[]
pastorlike	[]
pastorling	[]
patchworky	[]
pathfinder	[]
pathfinders	[]
pathogenic	[]
pathogermic	[]
patrocliny	[]
patronymic	[]
patronymics	[]
patronised	[]
patronized	[]
patronizes	[]
paunchiest	[]
pectoralis	[]
peculating	[]
peculation	[]
peculations	[]
peculators	[]
pedanticly	[]
pedatiform	[]
pediastrum	[]
pedimanous	[]
pelargikon	[]
pelargonic	[]
pelargonium	[]
pelasgikon	[]
pelycogram	[]
pelycosaur	[]
pendulosity	[]
pentachord	[]
pentahydric	[]
pentosuria	[]
percolating	[]
perculsion	[]
perflation	[]
perichylous	[]
periculant	[]
periductal	[]
perigynous	[]
perishably	[]
peristylum	[]
peristomal	[]
permutably	[]
perodactylus	[]
perognathus	[]
peroxyacid	[]
personably	[]
personality	[]
personalty	[]
persuading	[]
persuadingly	[]
pervadingly	[]
perviously	[]
pervulgation	[]
petaliform	[]
phagocyter	[]
phagocytism	[]
phagocytize	[]
phagocytized	[]
phagolytic	[]
phantomize	[]
phantomizer	[]
phantomlike	[]
phenacodus	[]
phenylboric	[]
phenocryst	[]
philanders	[]
philydraceous	[]
philogeant	[]
phylogenic	[]
phylogenist	[]
phymatodes	[]
physicomental	[]
physiocrat	[]
physiolater	[]
physoderma	[]
physometra	[]
phytalbumose	[]
phytiferous	[]
phytoalexin	[]
phytocidal	[]
phytogenic	[]
phlebodium	[]
phlebogram	[]
phlegmatic	[]
phlegmatous	[]
phlegmonic	[]
phlyctenoid	[]
phlyzacious	[]
phlyzacium	[]
phonematic	[]
phonematics	[]
phonetical	[]
phragmites	[]
phryganeid	[]
phryganeoid	[]
phrymaceous	[]
pickleworm	[]
picturable	[]
picturably	[]
picturedom	[]
piedmontal	[]
pigmentary	[]
pignorated	[]
pinachrome	[]
pinaverdol	[]
pyranoside	[]
pyrazoline	[]
pyritaceous	[]
pyrobitumen	[]
pyrogentic	[]
pyroglutamic	[]
pyrolusite	[]
pyromagnetic	[]
pyromantic	[]
pyromucate	[]
pyrosmalite	[]
pyrosulfate	[]
pyroxmangite	[]
pistolgram	[]
pistonhead	[]
pitcherful	[]
pitcherfuls	[]
pitcherman	[]
pitchforks	[]
pythagoric	[]
pythagorism	[]
pythagorize	[]
pythogenic	[]
pythonical	[]
pythonidae	[]
placentiform	[]
placentoid	[]
placodermi	[]
playground	[]
playgrounds	[]
playmonger	[]
playthings	[]
playwright	[]
playwrights	[]
planetoids	[]
planimetry	[]
planometry	[]
planterdom	[]
plasmochin	[]
plasmocyte	[]
plasmogeny	[]
plasmoquin	[]
plasmoquine	[]
plastering	[]
plastidome	[]
platformed	[]
platformish	[]
platycerium	[]
platymeric	[]
platysomid	[]
platonizer	[]
plauditory	[]
pleasuring	[]
pleomastic	[]
pleonastic	[]
pleromatic	[]
pleurodynia	[]
pleurodynic	[]
pleurosigma	[]
pleurostigma	[]
pleustonic	[]
ploughwise	[]
plowgraith	[]
plowmaking	[]
pluckerian	[]
plumbagine	[]
pluteiform	[]
pluviometry	[]
pneumatics	[]
pneumatosic	[]
pneumogastric	[]
pneumolith	[]
pocketfuls	[]
pocketsful	[]
pockmantie	[]
pointmaker	[]
pokerishly	[]
polyactine	[]
polyandric	[]
polyandries	[]
polyandrism	[]
polyandrist	[]
polyandrium	[]
polyangium	[]
polianthes	[]
polyanthus	[]
polyarchies	[]
polyarchist	[]
polybasite	[]
polybranch	[]
polycentrism	[]
polychasium	[]
polychrest	[]
policymaker	[]
polyctenid	[]
polyethnic	[]
polygamies	[]
polygamist	[]
polygamize	[]
polygastric	[]
polygenism	[]
polygenist	[]
polyhaemic	[]
polyhedric	[]
polymagnet	[]
polymastic	[]
polymathic	[]
polyneuric	[]
polysemant	[]
polysemantic	[]
polishment	[]
polystichum	[]
polytheism	[]
polytrichum	[]
polyurethan	[]
pomacentrid	[]
pomacentrus	[]
ponticular	[]
porcelains	[]
portglaive	[]
portugalism	[]
portunidae	[]
postbrachium	[]
postclimax	[]
postfurcal	[]
postgenial	[]
postgracile	[]
posthumeral	[]
postmarked	[]
postmarking	[]
postmedial	[]
postmedian	[]
postmineral	[]
postneural	[]
postneuralgic	[]
postrhinal	[]
postulance	[]
postulancy	[]
posturized	[]
postverbal	[]
potcherman	[]
poulardize	[]
poultryman	[]
poultrymen	[]
poundbreach	[]
poundmaster	[]
praecognitum	[]
prankishly	[]
pratincole	[]
preachingly	[]
preachings	[]
preadjunct	[]
preadjusting	[]
preadmonish	[]
preambling	[]
preblockading	[]
precasting	[]
precaution	[]
precautions	[]
preciously	[]
preclosing	[]
preclothing	[]
precluding	[]
preclusion	[]
precombating	[]
preconsult	[]
predacious	[]
predaylight	[]
predations	[]
predicably	[]
predictably	[]
predynastic	[]
prediscount	[]
prefamously	[]
prefashion	[]
prefocusing	[]
prefungoidal	[]
preholding	[]
preholiday	[]
prejustify	[]
prelocating	[]
premythical	[]
premolding	[]
premusical	[]
prequalify	[]
prequoting	[]
presanctify	[]
preshowing	[]
presylvian	[]
presoaking	[]
presolving	[]
prestomial	[]
prestudying	[]
presuitably	[]
presumably	[]
presumingly	[]
pretangibly	[]
preumbonal	[]
prevaluing	[]
previously	[]
prewashing	[]
prezygomatic	[]
pricklouse	[]
princedoms	[]
prisonable	[]
proambient	[]
proatheism	[]
probathing	[]
probatively	[]
problematic	[]
problemist	[]
proclaimed	[]
procnemial	[]
procumbent	[]
prodefault	[]
producible	[]
productible	[]
productile	[]
productive	[]
productively	[]
proequality	[]
proethical	[]
profaculty	[]
profanchise	[]
profitable	[]
profitably	[]
proflavine	[]
profligacy	[]
profligate	[]
profligated	[]
profligates	[]
profulgent	[]
profundity	[]
profusively	[]
progenital	[]
prognathic	[]
prognathism	[]
projacient	[]
projecting	[]
projectingly	[]
promycelia	[]
promisable	[]
promiseful	[]
promulgate	[]
promulgated	[]
promulgates	[]
promuscidate	[]
proscenium	[]
prosecting	[]
prosecuting	[]
proselyting	[]
prosenchyma	[]
proslyting	[]
prosthenic	[]
proudishly	[]
provencial	[]
providable	[]
providance	[]
providently	[]
proximately	[]
prudential	[]
psalmodize	[]
psalterion	[]
psalterium	[]
pseudimago	[]
pseudobchia	[]
pseudobinary	[]
pseudobranch	[]
pseudochina	[]
pseudofarcy	[]
pseudofinal	[]
pseudolarix	[]
pseudolatry	[]
pseudomancy	[]
pseudomantic	[]
pseudomica	[]
pseudomythical	[]
pseudonymal	[]
pseudonymic	[]
pseudorganic	[]
pseudotribal	[]
pseudovary	[]
psychiater	[]
psychofugal	[]
psychogram	[]
psychoneural	[]
psychotria	[]
psychotrine	[]
psychovital	[]
psiloceran	[]
psilothrum	[]
pterygiums	[]
pterygodum	[]
pterygoidal	[]
pteromalid	[]
ptyalogenic	[]
publishment	[]
puborectalis	[]
pubovesical	[]
pulmogastric	[]
pulmonated	[]
pulmonifer	[]
pulmonifera	[]
pulverating	[]
pulveration	[]
pulvinated	[]
punchboard	[]
punctiform	[]
punishable	[]
punishably	[]
purbeckian	[]
purchasing	[]
purgations	[]
purgatively	[]
purgatives	[]
puritandom	[]
pushmobile	[]
putredinal	[]
putrefying	[]
quackishly	[]
quadriceps	[]
quadricone	[]
quadrilogy	[]
quadripole	[]
quadrisect	[]
quakerishly	[]
quakership	[]
quartenylic	[]
quatrefoil	[]
quatrefoils	[]
quaveringly	[]
quebrachitol	[]
questingly	[]
questionably	[]
questionary	[]
questorial	[]
quicksandy	[]
quickthorn	[]
quickwater	[]
quincewort	[]
quinometry	[]
quinsywort	[]
quizmaster	[]
quodlibetary	[]
quodlibetz	[]
quondamship	[]
racemously	[]
radiculose	[]
radiectomy	[]
radiolucent	[]
randomizes	[]
randomwise	[]
raunchiest	[]
ravenously	[]
ravishedly	[]
ravishment	[]
readjusting	[]
readopting	[]
rebuckling	[]
rebukingly	[]
reclasping	[]
reclothing	[]
recognizably	[]
recomplain	[]
recomplaint	[]
recomputing	[]
recostuming	[]
recoupling	[]
recubation	[]
recusation	[]
rediscount	[]
redispatch	[]
redoubling	[]
redoubting	[]
reductional	[]
reductions	[]
refloating	[]
refocusing	[]
refusingly	[]
regulation	[]
regulations	[]
reichsland	[]
relocating	[]
rematching	[]
remodulating	[]
removalist	[]
republican	[]
republicans	[]
resaluting	[]
resampling	[]
resanctify	[]
resolvancy	[]
restabling	[]
restacking	[]
restamping	[]
restocking	[]
restudying	[]
resudation	[]
resultancy	[]
resumption	[]
reticulosa	[]
retouching	[]
revanchism	[]
revanchist	[]
revictuals	[]
revocabilty	[]
revokingly	[]
rhamnoside	[]
rhapsodize	[]
rheumaticky	[]
rheumatics	[]
rheumatoid	[]
rhyacolite	[]
rhinobatus	[]
rhinoplasty	[]
rhyodacite	[]
rhizoplane	[]
rhizoplast	[]
rhodymenia	[]
righteously	[]
roastingly	[]
romanceful	[]
romanceish	[]
romanticly	[]
ropelaying	[]
ropemaking	[]
rosemaling	[]
roughnecks	[]
roughslant	[]
roughtailed	[]
roundelays	[]
roundtable	[]
rowlandite	[]
rubefaction	[]
rudimental	[]
rudolphine	[]
rumbowline	[]
rumbowling	[]
sacerdotium	[]
safeblowing	[]
salinometry	[]
salpingectomy	[]
sanctilogy	[]
sanctorium	[]
sandflower	[]
sanforized	[]
saprogenic	[]
sarcophile	[]
satinflower	[]
savoringly	[]
savouringly	[]
scampering	[]
scampingly	[]
scathingly	[]
sceliphron	[]
scenograph	[]
scenography	[]
sceuophylax	[]
scheduling	[]
schemingly	[]
scherzando	[]
schizogamy	[]
schizoneura	[]
schizotrypanum	[]
schmaltzier	[]
schmalzier	[]
scholarity	[]
schomburgkia	[]
sciography	[]
scyphiform	[]
scythework	[]
sclerotium	[]
scolytidae	[]
scombridae	[]
scorbutize	[]
scorpaenid	[]
scouthering	[]
scoutingly	[]
scowbanker	[]
scowdering	[]
scrambling	[]
scrapingly	[]
screamingly	[]
scrofulide	[]
scrubwoman	[]
scrubwomen	[]
scrumption	[]
sculptorid	[]
scutigeral	[]
searchingly	[]
secondarily	[]
sectionary	[]
secularity	[]
seducingly	[]
selfadjoint	[]
semaphoric	[]
semaphoring	[]
semicountry	[]
semicupola	[]
semijocular	[]
semilunary	[]
semiography	[]
semirotund	[]
semirotunda	[]
semivoluntary	[]
septuncial	[]
sepulchring	[]
seralbumin	[]
sermonical	[]
seroalbumin	[]
serpivolant	[]
serpulidan	[]
servantdom	[]
setuliform	[]
sextipolar	[]
sextupling	[]
shackledom	[]
shadflower	[]
shadowlike	[]
shantylike	[]
shetlandic	[]
shylocking	[]
shipbroken	[]
shipwrecky	[]
shmaltzier	[]
shockingly	[]
shoemaking	[]
shopbreaking	[]
shoplifted	[]
shoplifter	[]
shopwalker	[]
shouldering	[]
shoupeltin	[]
shoutingly	[]
showjumping	[]
shrievalty	[]
shrinkable	[]
shroudlike	[]
sicklewort	[]
sycophantize	[]
sideromancy	[]
signatured	[]
silverback	[]
symblepharon	[]
symbolater	[]
symbolized	[]
symbolizer	[]
symbranchoid	[]
sympathique	[]
sympathize	[]
sympathized	[]
sympathizer	[]
symphonetic	[]
symphonize	[]
symphonized	[]
simulatory	[]
syncarpium	[]
syncopated	[]
syncopative	[]
syndetical	[]
syndicator	[]
synergical	[]
synergidal	[]
synoptical	[]
synthermal	[]
syntrophic	[]
syntropical	[]
syphiloderm	[]
siphonated	[]
siphuncled	[]
syringeful	[]
sketchingly	[]
slathering	[]
slaughterdom	[]
slaughtery	[]
slidegroat	[]
slipformed	[]
slopmaking	[]
slumbering	[]
smackingly	[]
smartingly	[]
smoldering	[]
smothering	[]
smotheringly	[]
smouldering	[]
snakemouth	[]
snapholder	[]
snoqualmie	[]
snowbridge	[]
snowflight	[]
soberingly	[]
softbrained	[]
solifugean	[]
solpugidea	[]
somewhatly	[]
somnipathy	[]
soundtrack	[]
southerland	[]
southernly	[]
southlander	[]
southwardly	[]
spaceflight	[]
spaewright	[]
spangolite	[]
sparkingly	[]
spathiform	[]
spatuliform	[]
spauldrochy	[]
speakingly	[]
specularity	[]
speculating	[]
speculation	[]
speculator	[]
speculatory	[]
speculatrix	[]
spermaduct	[]
spermation	[]
spermatoid	[]
spermatoxin	[]
spermiducal	[]
spermiduct	[]
spermoduct	[]
spermolytic	[]
spermoviduct	[]
sphenogram	[]
sphenoidal	[]
spherality	[]
spheration	[]
spheroidal	[]
sphygmodic	[]
sphincteral	[]
sphyraenid	[]
sphyraenoid	[]
sphyrnidae	[]
spiculated	[]
spindleworm	[]
spinulated	[]
spirochetal	[]
spitzenburg	[]
splachnoid	[]
splaymouth	[]
splaymouthed	[]
splathering	[]
spleniform	[]
splotchier	[]
splotching	[]
spondylium	[]
spondylizema	[]
sporangite	[]
sporangium	[]
sportingly	[]
sportively	[]
sporulated	[]
sporulating	[]
sporulative	[]
sprauchled	[]
sprauchling	[]
spreadingly	[]
spridhogue	[]
sprightful	[]
springbuck	[]
springhalt	[]
springhead	[]
springlock	[]
sproutland	[]
sproutling	[]
spurtively	[]
spurwinged	[]
squaliform	[]
squawkingly	[]
squeakingly	[]
squelching	[]
stachering	[]
stachydrin	[]
stachydrine	[]
stackering	[]
stambouline	[]
stampeding	[]
stampedingly	[]
stapediform	[]
staphyline	[]
staphylion	[]
starchedly	[]
starchlike	[]
starveling	[]
stelography	[]
stenograph	[]
stenography	[]
stenographic	[]
sterculiad	[]
stewarding	[]
stycerinol	[]
stickadore	[]
stickadove	[]
stickhandler	[]
stylograph	[]
stylographic	[]
stylopidae	[]
stylopized	[]
stymphalid	[]
stimulance	[]
stimulancy	[]
stinkardly	[]
stipendary	[]
stockading	[]
stockbridge	[]
stockinged	[]
stockinger	[]
stockpiled	[]
stockpiler	[]
stomachful	[]
stomaching	[]
stompingly	[]
stormingly	[]
stoundmeal	[]
stovemaking	[]
strackling	[]
strainedly	[]
streamingly	[]
streamling	[]
strychnize	[]
strickenly	[]
stridhanum	[]
strikebound	[]
strombidae	[]
strongback	[]
stronghead	[]
strongylid	[]
strongylidae	[]
stronglike	[]
strophical	[]
studflower	[]
stupefying	[]
subacridly	[]
subalmoner	[]
subarytenoid	[]
subarticle	[]
subcaption	[]
subcategory	[]
subcentral	[]
subception	[]
subchairmen	[]
subchanter	[]
subchapter	[]
subcheliform	[]
subchloride	[]
subchondral	[]
subchordal	[]
subcyanide	[]
subclimate	[]
subcompany	[]
subcordate	[]
subcordately	[]
subdeaconry	[]
subdecimal	[]
subdeltaic	[]
subdialect	[]
subendymal	[]
subfactory	[]
subfoliate	[]
subforeman	[]
subformative	[]
subformatively	[]
subfraction	[]
subfrontal	[]
subgenital	[]
subgerminal	[]
subglenoid	[]
subharmonic	[]
subheading	[]
subhepatic	[]
subhyaline	[]
subhyaloid	[]
subhymenial	[]
subhyoidean	[]
subinterval	[]
subjacently	[]
subjectdom	[]
subjectify	[]
subjecting	[]
subjection	[]
subjectional	[]
subjoinder	[]
subkingdom	[]
sublevation	[]
sublighted	[]
sublimated	[]
sublimator	[]
sublimatory	[]
submachine	[]
submargined	[]
submarined	[]
submediant	[]
submetaphoric	[]
subnetwork	[]
subnormality	[]
suboptical	[]
suboptimal	[]
subordinacy	[]
subordinal	[]
subordinate	[]
subordinately	[]
suborganic	[]
subornative	[]
subpectoral	[]
subpetiolar	[]
subphrenic	[]
subpotency	[]
subproject	[]
subprovince	[]
subregional	[]
subrelation	[]
subreption	[]
subretinal	[]
subridently	[]
subrogated	[]
subtegminal	[]
subtemporal	[]
subtepidly	[]
subterminal	[]
subtypical	[]
subtrahend	[]
subtrapezoid	[]
subtrigonal	[]
subtropical	[]
subvariety	[]
subventral	[]
subvertical	[]
subverting	[]
subwealthy	[]
subworkman	[]
subworkmen	[]
subzygomatic	[]
sulfatized	[]
sulfhydrate	[]
sulfhydric	[]
sulfoamide	[]
sulfocyanide	[]
sulfohydrate	[]
sulfonamic	[]
sulfonamide	[]
sulfonated	[]
sulfovinate	[]
sulphamide	[]
sulphamine	[]
sulphamino	[]
sulphating	[]
sulphation	[]
sulphatize	[]
sulphatized	[]
sulphazide	[]
sulphydrate	[]
sulphydric	[]
sulphinate	[]
sulphoamid	[]
sulphoamide	[]
sulphobenzid	[]
sulphocyan	[]
sulphocyanide	[]
sulphogermanic	[]
sulphonamic	[]
sulphonamid	[]
sulphonamide	[]
sulphonate	[]
sulphonated	[]
sulphovinate	[]
sulphoxide	[]
sulphozincate	[]
sundaylike	[]
sunlighted	[]
superblock	[]
superclaim	[]
supercloth	[]
supercombing	[]
superdainty	[]
superdying	[]
superfamily	[]
superfancy	[]
supergiant	[]
superyacht	[]
superlation	[]
superlying	[]
supermanly	[]
supernotably	[]
supertonic	[]
supervital	[]
superwoman	[]
supraglenoid	[]
suprahyoid	[]
surcingled	[]
surfacedly	[]
surjection	[]
suzerainty	[]
swearingly	[]
swinglebar	[]
switchable	[]
switchblade	[]
switchboard	[]
switchgear	[]
switchyard	[]
switchover	[]
switzerland	[]
swordmaking	[]
tabuliform	[]
tambourine	[]
tambourines	[]
tambouring	[]
tambourins	[]
tanglefish	[]
taperingly	[]
tardiloquy	[]
tarmosined	[]
tarsonemid	[]
taurophile	[]
teachingly	[]
telharmony	[]
telharmonic	[]
telodynamic	[]
telophasic	[]
temporalis	[]
tenaciously	[]
tendrilous	[]
tenography	[]
tephromancy	[]
terminably	[]
tersulphid	[]
thanksgiver	[]
thargelion	[]
theligonum	[]
theomagics	[]
theriomancy	[]
thermolyzing	[]
theurgical	[]
thimerosal	[]
thymogenic	[]
thiofurane	[]
thyreoidal	[]
thyrogenic	[]
thyroideal	[]
thyroidean	[]
thyrsoidal	[]
threnodial	[]
threnodical	[]
throwbacks	[]
thumbnails	[]
thumbscrew	[]
thumpingly	[]
thunbergia	[]
thunderbox	[]
thunderclap	[]
thunderclaps	[]
thwackingly	[]
ticklenburg	[]
ticklenburgs	[]
timberjack	[]
timberland	[]
timberlands	[]
tympanichord	[]
tinselwork	[]
typhaceous	[]
typhogenic	[]
tolfraedic	[]
tonguebird	[]
tonguefish	[]
tongueplay	[]
toparchies	[]
tornachile	[]
touchingly	[]
tourmaline	[]
tovariches	[]
toweringly	[]
toxalbumic	[]
toxalbumin	[]
toxiphagus	[]
trachelium	[]
trachyline	[]
trackhound	[]
tradesfolk	[]
traducible	[]
traducingly	[]
tragedious	[]
tragicomedy	[]
traymobile	[]
trampishly	[]
trampoline	[]
trampolines	[]
transfixed	[]
translucid	[]
transmould	[]
trapeziums	[]
trapezoids	[]
trauchling	[]
travelings	[]
treasonful	[]
tremulando	[]
trepidancy	[]
triadelphous	[]
triamylose	[]
tribesfolk	[]
tribeswoman	[]
tricephalous	[]
tricephalus	[]
trichogyne	[]
trichomanes	[]
trichoplax	[]
tridynamous	[]
triglyphed	[]
trygonidae	[]
trimensual	[]
trypanocide	[]
tripewoman	[]
tripleback	[]
tripsomely	[]
trisulfone	[]
trisulphone	[]
triumphance	[]
triumphancy	[]
trivalency	[]
trophesial	[]
troublemaking	[]
troughlike	[]
troughwise	[]
trucemaking	[]
truckloads	[]
tubemaking	[]
tumbledown	[]
turbanlike	[]
turbanwise	[]
turbomachine	[]
turkeyfish	[]
turkomanic	[]
turkomanize	[]
turkophile	[]
tuscanlike	[]
twinkledum	[]
udographic	[]
ulcerating	[]
ulceration	[]
ulcerations	[]
ulotrichan	[]
ulotriches	[]
ultrafiche	[]
ultrafiches	[]
ultrasonic	[]
unabjectly	[]
unabolished	[]
unabortive	[]
unabortively	[]
unabsolved	[]
unabsorptive	[]
unactively	[]
unactorlike	[]
unadoptive	[]
unadoptively	[]
unadroitly	[]
unamortized	[]
unarticled	[]
unascribed	[]
unatmospheric	[]
unatrophied	[]
unavertibly	[]
unavowedly	[]
unbaptised	[]
unbaptized	[]
unbiasedly	[]
unbirthday	[]
unbishoped	[]
unbishoply	[]
unblameworthy	[]
unblighted	[]
unbodylike	[]
unbrightly	[]
unbristled	[]
unbroached	[]
uncapsized	[]
uncaptived	[]
unchastely	[]
unchivalry	[]
unchokable	[]
unclimaxed	[]
uncloister	[]
uncoarsely	[]
uncogitable	[]
uncombated	[]
uncombative	[]
uncompahgre	[]
uncompahgrite	[]
uncompared	[]
uncompatible	[]
uncompatibly	[]
uncompiled	[]
uncomplexity	[]
uncomprised	[]
uncopiable	[]
uncopyable	[]
uncopyrighted	[]
uncraftily	[]
uncredibly	[]
uncreditably	[]
uncrystaled	[]
undefiably	[]
underbishop	[]
underclift	[]
undercloak	[]
undercloth	[]
undercoats	[]
underflows	[]
underhabit	[]
underlight	[]
undermatch	[]
underpitch	[]
underplays	[]
undersight	[]
understamp	[]
understock	[]
underswamp	[]
underwaist	[]
underwatch	[]
underwitch	[]
undescript	[]
undesirably	[]
undespotic	[]
undilatory	[]
undirectly	[]
undiscoverably	[]
undisprovable	[]
undogmatic	[]
undomestic	[]
undrivable	[]
undropsical	[]
unemphatic	[]
unepistolary	[]
unestimably	[]
unevitably	[]
unexorcisably	[]
unfactored	[]
unfarsighted	[]
unfatherly	[]
unfathomed	[]
unfavorite	[]
unfeasibly	[]
unfervidly	[]
unfestival	[]
unfightable	[]
unfishable	[]
unflavored	[]
unflitched	[]
unfoliaged	[]
unfoliated	[]
unforcedly	[]
unforcible	[]
unforcibly	[]
unfordable	[]
unforecast	[]
unforgivable	[]
unforgivably	[]
unformalised	[]
unformality	[]
unformalized	[]
unformative	[]
unformidable	[]
unformidably	[]
unfreakish	[]
unfreakishly	[]
unfrighted	[]
unfroglike	[]
ungamboled	[]
unghostlike	[]
ungladsome	[]
unglimpsed	[]
ungoatlike	[]
ungodliest	[]
unheartily	[]
unheraldic	[]
unheroical	[]
unhideably	[]
unhysterical	[]
unhospitable	[]
unhospitably	[]
unhospital	[]
unidactyle	[]
unidextral	[]
uniflorate	[]
uniformest	[]
unimpacted	[]
unimparted	[]
unimplored	[]
unimported	[]
unimposedly	[]
unimprovable	[]
unimprovably	[]
unimproved	[]
unimprovedly	[]
unisolated	[]
unlavished	[]
unlethargic	[]
unlocative	[]
unmajestic	[]
unmaledictory	[]
unmerciably	[]
unmetaphysic	[]
unmethodic	[]
unmethodical	[]
unmetrical	[]
unmiracled	[]
unmistakedly	[]
unmystical	[]
unmythical	[]
unmodestly	[]
unmodishly	[]
unmoralist	[]
unmorality	[]
unmoralize	[]
unmoralized	[]
unmorbidly	[]
unmortalize	[]
unmortised	[]
unmotherly	[]
unmovablety	[]
unobligated	[]
unobviated	[]
unoperably	[]
unoperatic	[]
unoverpaid	[]
unoxidable	[]
unpartible	[]
unperishably	[]
unphysical	[]
unphysicked	[]
unphlegmatic	[]
unpickable	[]
unplighted	[]
unpoetical	[]
unpolarised	[]
unpolarized	[]
unpolished	[]
unportable	[]
unpostmarked	[]
unpractised	[]
unpredicably	[]
unpredictably	[]
unprefixal	[]
unprelatic	[]
unpriceably	[]
unprickled	[]
unpriestly	[]
unprivately	[]
unprizable	[]
unprobated	[]
unprobative	[]
unproblematic	[]
unproclaimed	[]
unprofitable	[]
unprofitably	[]
unprofited	[]
unpromised	[]
unprovable	[]
unprovably	[]
unprovidable	[]
unprovised	[]
unprovisedly	[]
unravished	[]
unregality	[]
unremovably	[]
unrevocably	[]
unrhapsodic	[]
unrightable	[]
unriskable	[]
unroyalist	[]
unroyalized	[]
unsacredly	[]
unsatyrlike	[]
unsavoredly	[]
unsavorily	[]
unscathedly	[]
unscramble	[]
unscrambled	[]
unscrawled	[]
unscrimped	[]
unscripted	[]
unseaworthy	[]
unseraphic	[]
unshackled	[]
unshavedly	[]
unshiftable	[]
unshockable	[]
unshowable	[]
unshrewdly	[]
unsickerly	[]
unsightable	[]
unsightedly	[]
unsymbolic	[]
unsymbolized	[]
unsympathized	[]
unskaithed	[]
unskeptical	[]
unslighted	[]
unsmirched	[]
unsmokable	[]
unsobriety	[]
unsociable	[]
unsociably	[]
unsoldiery	[]
unsolitary	[]
unsomberly	[]
unsombrely	[]
unsortable	[]
unspherical	[]
unspiraled	[]
unsportive	[]
unsportively	[]
unsprightly	[]
unstarched	[]
unstarlike	[]
unsteadily	[]
unstylized	[]
unstorable	[]
unstormable	[]
unstormily	[]
unswitched	[]
untailored	[]
untemporal	[]
unthrowable	[]
unthwacked	[]
untorpidly	[]
untowardly	[]
untrampled	[]
untrickable	[]
untrophied	[]
untropical	[]
untrowable	[]
unvaporized	[]
unvariedly	[]
unveracity	[]
unveritably	[]
unvertical	[]
unvibrated	[]
unviolated	[]
unvisceral	[]
unvocalised	[]
unvocalized	[]
unvoidable	[]
unwhistled	[]
unwickedly	[]
unwordable	[]
unwordably	[]
unworkable	[]
unworkably	[]
unworshiped	[]
unworthies	[]
unworthily	[]
unwritable	[]
upbrighten	[]
uphoarding	[]
upholstery	[]
upholstering	[]
upreaching	[]
uprightman	[]
upthrowing	[]
urogenital	[]
urohematin	[]
urophlyctis	[]
urosthenic	[]
vaginectomy	[]
vaginopexy	[]
valedictory	[]
vanquished	[]
vanquisher	[]
vaporingly	[]
vapouringly	[]
vapourised	[]
vapourized	[]
vasculiform	[]
vectograph	[]
vehiculary	[]
vehiculatory	[]
venography	[]
ventricous	[]
ventriloquy	[]
veraciously	[]
verdugoship	[]
vermifugal	[]
verminously	[]
veronalism	[]
versiloquy	[]
vesicatory	[]
vesiculary	[]
vestibular	[]
vestibulary	[]
vexatiously	[]
vibraphone	[]
vibraphones	[]
victualers	[]
viperously	[]
viscometry	[]
vitreously	[]
vmintegral	[]
vocabulist	[]
vocalizers	[]
vociferant	[]
volapukism	[]
volapukist	[]
volcanized	[]
volkswagen	[]
volumetric	[]
voluntaries	[]
voluntaryism	[]
voluntarism	[]
vouchering	[]
vouchsafed	[]
vouchsafer	[]
vouchsafing	[]
vulcanised	[]
vulcaniser	[]
vulcanized	[]
vulcanizer	[]
vulcanizers	[]
vulcanizes	[]
vulgarised	[]
vulgarized	[]
vulgarizes	[]
vulgarwise	[]
wagonsmith	[]
wainscoted	[]
walpurgite	[]
wanderlust	[]
wanrestful	[]
wardenship	[]
warehousing	[]
watchingly	[]
waterblink	[]
waterbound	[]
waterbucks	[]
wateringly	[]
waterishly	[]
wavefronts	[]
waveringly	[]
weaponsmith	[]
weaponsmithy	[]
whenabouts	[]
whipmaster	[]
whipsocket	[]
whirlabout	[]
whiskerando	[]
whitmonday	[]
whitsunday	[]
wykehamist	[]
windbreaks	[]
windbroach	[]
windclothes	[]
windermost	[]
windplayer	[]
windstream	[]
windsucker	[]
wingspread	[]
witchmonger	[]
witherband	[]
witzchoura	[]
wolfachite	[]
wolframine	[]
wolframite	[]
womanishly	[]
womanizers	[]
womanliest	[]
wondersmith	[]
wordlength	[]
wordmaking	[]
wordmanship	[]
workmanship	[]
worktables	[]
worldaught	[]
worldmaking	[]
worldquake	[]
worshipable	[]
worshipful	[]
wreathingly	[]
wrestingly	[]
xanthydrol	[]
xanthoderm	[]
xenoplastic	[]
xenosaurid	[]
xerophytic	[]
xerophytism	[]
xylographic	[]
xylophagid	[]
xylophagus	[]
xiphosterna	[]
xiphosternum	[]
xiphosuran	[]
xyridaceous	[]
zanthoxylum	[]
zaphrentid	[]
zaphrentis	[]
zaphrentoid	[]
zenithward	[]
zenithwards	[]
zenography	[]
zenographic	[]
zygobranch	[]
zygomaticus	[]
zygopteran	[]
zygopterid	[]
zygopteris	[]
zygosphenal	[]
zymoplastic	[]
zymosthenic	[]
zincograph	[]
zincography	[]
